hmdb_id,metabolite,smiles,inchikey,status
HMDB0000011,3-Hydroxybutyric acid,C[C@@H](O)CC(O)=O,WHBMMWSBFZVSSR-GSVOUGTGSA-N,quantified
HMDB0000012,Deoxyuridine,OC[C@H]1O[C@H](C[C@@H]1O)N1C=CC(=O)NC1=O,MXHRCPNRJAMMIM-SHYZEUOFSA-N,quantified
HMDB0000014,Deoxycytidine,NC1=NC(=O)N(C=C1)[C@H]1C[C@H](O)[C@@H](CO)O1,CKTSBUTUHBMZGZ-SHYZEUOFSA-N,quantified
HMDB0000017,4-Pyridoxic acid,CC1=NC=C(CO)C(C(O)=O)=C1O,HXACOUQIXZGNBF-UHFFFAOYSA-N,quantified
HMDB0000020,p-Hydroxyphenylacetic acid,OC(=O)CC1=CC=C(O)C=C1,XQXPVVBIMDBYFF-UHFFFAOYSA-N,quantified
HMDB0000030,Biotin,[H][C@]12CS[C@@H](CCCCC(O)=O)[C@@]1([H])NC(=O)N2,YBJHBAHKTGYVGT-ZKWXMUAHSA-N,quantified
HMDB0000033,Carnosine,NCCC(=O)N[C@@H](CC1=CN=CN1)C(O)=O,CQOVPNPJLQNMDC-ZETCQYMHSA-N,quantified
HMDB0000034,Adenine,NC1=C2NC=NC2=NC=N1,GFFGJBXGBJISGV-UHFFFAOYSA-N,quantified
HMDB0000036,Taurocholic acid,[H][C@@]1(CC[C@@]2([H])[C@]3([H])[C@H](O)C[C@]4([H])C[C@H](O)CC[C@]4(C)[C@@]3([H])C[C@H](O)[C@]12C)[C@H](C)CCC(=O)NCCS(O)(=O)=O,WBWWGRHZICKQGZ-HZAMXZRMSA-N,quantified
HMDB0000039,Butyric acid,CCCC(O)=O,FERIUCNNQQJTOY-UHFFFAOYSA-N,quantified
HMDB0000042,Acetic acid,CC(O)=O,QTBSBXVTEAMEQO-UHFFFAOYSA-N,quantified
HMDB0000043,Betaine,C[N+](C)(C)CC(O)=O,KWIUHFFTVRNATP-UHFFFAOYSA-O,quantified
HMDB0000045,Adenosine monophosphate,NC1=C2N=CN([C@@H]3O[C@H](COP(O)(O)=O)[C@@H](O)[C@H]3O)C2=NC=N1,UDMBCSSLTHHNCD-KQYNXXCUSA-N,quantified
HMDB0000050,Adenosine,NC1=C2N=CN([C@@H]3O[C@H](CO)[C@@H](O)[C@H]3O)C2=NC=N1,OIRDTQYFTABQOQ-KQYNXXCUSA-N,quantified
HMDB0000053,Androstenedione,[H][C@@]12CCC(=O)[C@@]1(C)CC[C@@]1([H])[C@@]2([H])CCC2=CC(=O)CC[C@]12C,AEMFNILZOJDQLW-QAGGRKNESA-N,quantified
HMDB0000054,Bilirubin,CC1=C(C=C)\C(NC1=O)=C\C1=C(C)C(CCC(O)=O)=C(CC2=C(CCC(O)=O)C(C)=C(N2)\C=C2/NC(=O)C(C=C)=C2C)N1,BPYKTIZUTYGOLE-IFADSCNNSA-N,quantified
HMDB0000056,beta-Alanine,NCCC(O)=O,UCMIRNVEIXFBKS-UHFFFAOYSA-N,quantified
HMDB0000058,Cyclic AMP,[H][C@@]12COP(O)(=O)O[C@@]1([H])[C@@H](O)[C@@H](O2)N1C=NC2=C1N=CN=C2N,IVOMOUWHDPKRLL-KQYNXXCUSA-N,quantified
HMDB0000060,Acetoacetic acid,CC(=O)CC(O)=O,WDJHALXBUFZDSR-UHFFFAOYSA-N,quantified
HMDB0000063,Cortisol,[H][C@@]12CC[C@](O)(C(=O)CO)[C@@]1(C)C[C@H](O)[C@@]1([H])[C@@]2([H])CCC2=CC(=O)CC[C@]12C,JYGXADMDTFJGBT-VWUMJDOOSA-N,quantified
HMDB0000064,Creatine,CN(CC(O)=O)C(N)=N,CVSVTCORWBXHQV-UHFFFAOYSA-N,quantified
HMDB0000067,Cholesterol,[H][C@@]1(CC[C@@]2([H])[C@]3([H])CC=C4C[C@@H](O)CC[C@]4(C)[C@@]3([H])CC[C@]12C)[C@H](C)CCCC(C)C,HVYWMOMLDIMFJA-DPAQBDIFSA-N,quantified
HMDB0000077,Dehydroepiandrosterone,[H][C@@]12CCC(=O)[C@@]1(C)CC[C@@]1([H])[C@@]2([H])CC=C2C[C@@H](O)CC[C@]12C,FMGSKLZLMKYGDP-USOAJAOKSA-N,quantified
HMDB0000087,Dimethylamine,CNC,ROSDSFDQCJNGOL-UHFFFAOYSA-N,quantified
HMDB0000089,Cytidine,NC1=NC(=O)N(C=C1)[C@@H]1O[C@H](CO)[C@@H](O)[C@H]1O,UHDGCWIWMRVCDJ-XVFCMESISA-N,quantified
HMDB0000092,Dimethylglycine,CN(C)CC(O)=O,FFDGPVCHZBVARC-UHFFFAOYSA-N,quantified
HMDB0000094,Citric acid,OC(=O)CC(O)(CC(O)=O)C(O)=O,KRKNYBCHXYNGOX-UHFFFAOYSA-N,quantified
HMDB0000097,Choline,C[N+](C)(C)CCO,OEYIOHPDSNJKLS-UHFFFAOYSA-N,quantified
HMDB0000098,D-Xylose,O[C@@H]1COC(O)[C@H](O)[C@H]1O,SRBFZHDQGSBBOR-IOVATXLUSA-N,quantified
HMDB0000099,L-Cystathionine,N[C@@H](CCSC[C@H](N)C(O)=O)C(O)=O,ILRYLPWNYFXEMH-WHFBIAKZSA-N,quantified
HMDB0000108,Ethanol,CCO,LFQSCWFLJHTTHZ-UHFFFAOYSA-N,quantified
HMDB0000112,gamma-Aminobutyric acid,NCCCC(O)=O,BTCSSZJGUNDROE-UHFFFAOYSA-N,quantified
HMDB0000121,Folic acid,NC1=NC(=O)C2=NC(CNC3=CC=C(C=C3)C(=O)N[C@@H](CCC(O)=O)C(O)=O)=CN=C2N1,OVBPIULPVIDEAO-LBPRGKRZSA-N,quantified
HMDB0000122,D-Glucose,OC[C@H]1O[C@@H](O)[C@H](O)[C@@H](O)[C@@H]1O,WQZGKKKJIJFFOK-VFUOTHLCSA-N,quantified
HMDB0000123,Glycine,NCC(O)=O,DHMQDGOQFOQNFH-UHFFFAOYSA-N,quantified
HMDB0000125,Glutathione,N[C@@H](CCC(=O)N[C@@H](CS)C(=O)NCC(O)=O)C(O)=O,RWSXRVCMGQZWBV-WDSKDSINSA-N,quantified
HMDB0000128,Guanidoacetic acid,NC(=N)NCC(O)=O,BPMFZUMJYQTVII-UHFFFAOYSA-N,quantified
HMDB0000130,Homogentisic acid,OC(=O)CC1=C(O)C=CC(O)=C1,IGMNYECMUMZDDF-UHFFFAOYSA-N,quantified
HMDB0000131,Glycerol,OCC(O)CO,PEDCQBHIVMGVHV-UHFFFAOYSA-N,quantified
HMDB0000133,Guanosine,NC1=NC2=C(N=CN2[C@@H]2O[C@H](CO)[C@@H](O)[C@H]2O)C(=O)N1,NYHBQMYGNKIUIF-UUOKFMHZSA-N,quantified
HMDB0000134,Fumaric acid,OC(=O)\C=C\C(O)=O,VZCYOOQTPOCHFL-OWOJBTEDSA-N,quantified
HMDB0000138,Glycocholic acid,C[C@H](CCC(O)=NCC(O)=O)[C@H]1CC[C@H]2[C@@H]3[C@H](O)C[C@@H]4C[C@H](O)CC[C@]4(C)[C@H]3C[C@H](O)[C@]12C,RFDAIACWWDREDC-FRVQLJSFSA-N,quantified
HMDB0000139,Glyceric acid,OC[C@@H](O)C(O)=O,RBNPOMFGQQGHHO-UWTATZPHSA-N,quantified
HMDB0000142,Formic acid,OC=O,BDAGIHXWWSANSR-UHFFFAOYSA-N,quantified
HMDB0000148,L-Glutamic acid,N[C@@H](CCC(O)=O)C(O)=O,WHUUTDBJXJRKMK-VKHMYHEASA-N,quantified
HMDB0000149,Ethanolamine,NCCO,HZAXFHJVJLSVMW-UHFFFAOYSA-N,quantified
HMDB0000157,Hypoxanthine,OC1=NC=NC2=C1NC=N2,FDGQSTZJBFJUBT-UHFFFAOYSA-N,quantified
HMDB0000158,L-Tyrosine,N[C@@H](CC1=CC=C(O)C=C1)C(O)=O,OUYCCCASQSFEME-QMMMGPOBSA-N,quantified
HMDB0000159,L-Phenylalanine,N[C@@H](CC1=CC=CC=C1)C(O)=O,COLNVLDHVKWLRT-QMMMGPOBSA-N,quantified
HMDB0000161,L-Alanine,C[C@H](N)C(O)=O,QNAYBMKLOCPYGJ-REOHCLBHSA-N,quantified
HMDB0000162,L-Proline,OC(=O)[C@@H]1CCCN1,ONIBWKKTOPOVIA-BYPYZUCNSA-N,quantified
HMDB0000164,Methylamine,CN,BAVYZALUXZFZLV-UHFFFAOYSA-N,quantified
HMDB0000167,L-Threonine,C[C@@H](O)[C@H](N)C(O)=O,AYFVYJQAPQTCCC-GBXIJSLDSA-N,quantified
HMDB0000168,L-Asparagine,N[C@@H](CC(N)=O)C(O)=O,DCXYFEDJOCDNAF-REOHCLBHSA-N,quantified
HMDB0000172,L-Isoleucine,CC[C@H](C)[C@H](N)C(O)=O,AGPKZVBTJJNPAG-WHFBIAKZSA-N,quantified
HMDB0000175,Inosinic acid,O[C@@H]1[C@@H](COP(O)(O)=O)O[C@H]([C@@H]1O)N1C=NC2=C1N=CNC2=O,GRSZFWQUAKGDAV-KQYNXXCUSA-N,quantified
HMDB0000177,L-Histidine,N[C@@H](CC1=CN=CN1)C(O)=O,HNDVDQJCIGZPNO-YFKPBYRVSA-N,quantified
HMDB0000182,L-Lysine,NCCCC[C@H](N)C(O)=O,KDXKERNSBIXSRK-YFKPBYRVSA-N,quantified
HMDB0000187,L-Serine,N[C@@H](CO)C(O)=O,MTCFGRXMJLQNBG-REOHCLBHSA-N,quantified
HMDB0000190,L-Lactic acid,C[C@H](O)C(O)=O,JVTAAEKCZFNVCJ-REOHCLBHSA-N,quantified
HMDB0000191,L-Aspartic acid,N[C@@H](CC(O)=O)C(O)=O,CKLJMWTZIZZHCS-REOHCLBHSA-N,quantified
HMDB0000195,Inosine,OC[C@H]1O[C@H]([C@H](O)[C@@H]1O)N1C=NC2=C(O)N=CN=C12,UGQMRVRMYYASKQ-KQYNXXCUSA-N,quantified
HMDB0000201,L-Acetylcarnitine,CC(=O)O[C@H](CC(O)=O)C[N+](C)(C)C,RDHQFKQIGNGIED-MRVPVSSYSA-O,quantified
HMDB0000209,Phenylacetic acid,OC(=O)CC1=CC=CC=C1,WLJVXDMOQOGPHL-UHFFFAOYSA-N,quantified
HMDB0000210,Pantothenic acid,CC(C)(CO)[C@@H](O)C(=O)NCCC(O)=O,GHOKWGTUZJEAQD-ZETCQYMHSA-N,quantified
HMDB0000214,Ornithine,NCCC[C@H](N)C(O)=O,AHLPHDHHMVZTML-BYPYZUCNSA-N,quantified
HMDB0000220,Palmitic acid,CCCCCCCCCCCCCCCC(O)=O,IPCSVZSSVZVIGE-UHFFFAOYSA-N,quantified
HMDB0000224,O-Phosphoethanolamine,NCCOP(O)(O)=O,SUHOOTKUPISOBE-UHFFFAOYSA-N,quantified
HMDB0000226,Orotic acid,OC(=O)C1=CC(=O)NC(=O)N1,PXQPEWDEAKTCGB-UHFFFAOYSA-N,quantified
HMDB0000228,Phenol,OC1=CC=CC=C1,ISWSIDIOOBJBQZ-UHFFFAOYSA-N,quantified
HMDB0000230,N-Acetylneuraminic acid,[H][C@]1(O[C@@](O)(C[C@H](O)[C@H]1NC(C)=O)C(O)=O)[C@H](O)[C@H](O)CO,SQVRNKJHWKZAKO-PFQGKNLYSA-N,quantified
HMDB0000237,Propionic acid,CCC(O)=O,XBDQKXXYIPTUBI-UHFFFAOYSA-N,quantified
HMDB0000239,Pyridoxine,CC1=C(O)C(CO)=C(CO)C=N1,LXNHXLLTXMVWPM-UHFFFAOYSA-N,quantified
HMDB0000243,Pyruvic acid,CC(=O)C(O)=O,LCTONWCANYUPML-UHFFFAOYSA-N,quantified
HMDB0000247,Sorbitol,OC[C@H](O)[C@@H](O)[C@H](O)[C@H](O)CO,FBPFZTCFMRRESA-JGWLITMVSA-N,quantified
HMDB0000251,Taurine,NCCS(O)(=O)=O,XOAAWQZATWQOTB-UHFFFAOYSA-N,quantified
HMDB0000254,Succinic acid,OC(=O)CCC(O)=O,KDYFGRWQOYBRFD-UHFFFAOYSA-N,quantified
HMDB0000258,Sucrose,OC[C@H]1O[C@@](CO)(O[C@H]2O[C@H](CO)[C@@H](O)[C@H](O)[C@H]2O)[C@@H](O)[C@@H]1O,CZMRCDWAGMRECN-UGDNZRGBSA-N,quantified
HMDB0000267,Pyroglutamic acid,OC(=O)[C@@H]1CCC(=O)N1,ODHCTXKNWHHXJC-VKHMYHEASA-N,quantified
HMDB0000286,Uridine diphosphate glucose,OC[C@H]1O[C@H](OP(O)(=O)OP(O)(=O)OC[C@H]2O[C@H]([C@H](O)[C@@H]2O)N2C=CC(=O)NC2=O)[C@H](O)[C@@H](O)[C@@H]1O,HSCJRCZFDFQWRP-JZMIEXBBSA-N,quantified
HMDB0000289,Uric acid,O=C1NC2=C(N1)C(=O)NC(=O)N2,LEHOTFFKMJEONL-UHFFFAOYSA-N,quantified
HMDB0000292,Xanthine,O=C1NC2=C(NC=N2)C(=O)N1,LRFVTYWOQMYALW-UHFFFAOYSA-N,quantified
HMDB0000296,Uridine,OC[C@H]1O[C@H]([C@H](O)[C@@H]1O)N1C=CC(=O)NC1=O,DRTQHJPVMGBUCF-XVFCMESISA-N,quantified
HMDB0000299,Xanthosine,OC[C@H]1O[C@H]([C@H](O)[C@@H]1O)N1C=NC2=C1N=C(O)N=C2O,UBORTCNDUKBEOP-UUOKFMHZSA-N,quantified
HMDB0000300,Uracil,O=C1NC=CC(=O)N1,ISAKRJDGNUQOIC-UHFFFAOYSA-N,quantified
HMDB0000306,Tyramine,NCCC1=CC=C(O)C=C1,DZGWFCGJZKJUFP-UHFFFAOYSA-N,quantified
HMDB0000317,2-Hydroxy-3-methylpentanoic acid,CC[C@@H](C)[C@@H](O)C(O)=O,RILPIWOPNGRASR-RFZPGFLSSA-N,quantified
HMDB0000359,"3alpha,7alpha-Dihydroxycoprostanic acid",[H][C@@]1(CC[C@@]2([H])[C@]3([H])[C@H](O)C[C@]4([H])C[C@H](O)CC[C@]4(C)[C@@]3([H])CC[C@]12C)[C@H](C)CCCC(C)C(O)=O,ITZYGDKGRKKBSN-HKFUITGCSA-N,quantified
HMDB0000374,17-Hydroxyprogesterone,[H][C@@]12CC[C@](O)(C(C)=O)[C@@]1(C)CC[C@@]1([H])[C@@]2([H])CCC2=CC(=O)CC[C@]12C,DBPWSSGDRRHUNT-CEGNMAFCSA-N,quantified
HMDB0000379,2-Methylcitric acid,CC(C(O)=O)C(O)(CC(O)=O)C(O)=O,YNOXCRMFGMSKIJ-UHFFFAOYSA-N,quantified
HMDB0000462,Allantoin,NC(=O)NC1NC(=O)NC1=O,POJWUDADGALRAB-UHFFFAOYSA-N,quantified
HMDB0000464,Calcium,[Ca++],BHPQYMZQTOCNFJ-UHFFFAOYSA-N,quantified
HMDB0000466,3-Methylindole,CC1=CNC2=C1C=CC=C2,ZFRKQXVRDFCRJG-UHFFFAOYSA-N,quantified
HMDB0000472,5-Hydroxy-L-tryptophan,N[C@@H](CC1=CNC2=C1C=C(O)C=C2)C(O)=O,LDCYZAJDBXYCGN-VIFPVBQESA-N,quantified
HMDB0000474,Butanone,CCC(C)=O,ZWEHNKRNPOVVGH-UHFFFAOYSA-N,quantified
HMDB0000477,"7Z,10Z-Hexadecadienoic acid",CCCCC\C=C/C\C=C/CCCCCC(O)=O,WPJGPAAPSBVXNU-HZJYTTRNSA-N,detected
HMDB0000482,Caprylic acid,CCCCCCCC(O)=O,WWZKQHOCKIZLMA-UHFFFAOYSA-N,quantified
HMDB0000483,"5b-Cholestane-3a,7a,12a,23S,25-pentol",[H]C1CC([C@@H](C)C[C@H](O)CC(C)(C)O)[C@]2(C)C1[C@]1([H])[C@H](O)C[C@]3([H])C[C@H](O)CC[C@]3(C)[C@@]1([H])C[C@@H]2O,OXSBBBPDYVCAKC-CTSLUMRNSA-N,detected
HMDB0000501,7-Ketocholesterol,[H][C@@]12CCC([C@H](C)CCCC(C)C)[C@@]1(C)CC[C@@]1([H])[C@@]2([H])C(=O)C=C2CC(O)CC[C@]12C,YIKKMWSQVKJCOP-QJFKPLHKSA-N,quantified
HMDB0000510,Aminoadipic acid,N[C@@H](CCCC(O)=O)C(O)=O,OYIFNHCXNCRBQI-BYPYZUCNSA-N,quantified
HMDB0000517,L-Arginine,N[C@@H](CCCNC(N)=N)C(O)=O,ODKSFYDXXFIFQN-BYPYZUCNSA-N,quantified
HMDB0000520,"5a-Cholestane-3a,7a,12a,25-tetrol",[H][C@@]12CCC([C@H](C)CCCC(C)(C)O)[C@@]1(C)[C@@H](O)C[C@@]1([H])[C@@]2([H])[C@H](O)C[C@@]2([H])C[C@H](O)CC[C@]12C,NTIXPPFPXLYJCT-SUGKMTRFSA-N,detected
HMDB0000535,Caproic acid,CCCCCC(O)=O,FUZZWVXGSFPDMH-UHFFFAOYSA-N,quantified
HMDB0000547,Magnesium,[Mg++],JLVVSXFLKOJNIY-UHFFFAOYSA-N,quantified
HMDB0000555,3-Methyladipic acid,C[C@@H](CCC(O)=O)CC(O)=O,SYEOWUNSTUDKGM-YFKPBYRVSA-N,quantified
HMDB0000561,beta-Carotene,C\C(\C=C\C=C(/C)\C=C\C1=C(C)CCCC1(C)C)=C/C=C/C=C(\C)/C=C/C=C(\C)/C=C/C1=C(C)CCCC1(C)C,OENHQHLEOONYIE-JLTXGRSLSA-N,quantified
HMDB0000562,Creatinine,CN1CC(=O)NC1=N,DDRJAANPRJIHGJ-UHFFFAOYSA-N,quantified
HMDB0000574,L-Cysteine,N[C@@H](CS)C(O)=O,XUJNEKJLAYXESH-REOHCLBHSA-N,quantified
HMDB0000577,5beta-Coprostanol,[H][C@@]1(CC[C@@]2([H])[C@]3([H])CC[C@]4([H])C[C@@H](O)CC[C@]4(C)[C@@]3([H])CC[C@]12C)[C@H](C)CCCC(C)C,QYIXCDOBOSTCEI-NWKZBHTNSA-N,detected
HMDB0000599,Chromium,[Cr+3],BFGKITSFLPAWGI-UHFFFAOYSA-N,quantified
HMDB0000608,Cobalt,[Co++],XLJKHNWPARRRJB-UHFFFAOYSA-N,quantified
HMDB0000619,Cholic acid,C[C@H](CCC(O)=O)[C@H]1CC[C@H]2[C@@H]3[C@H](O)C[C@@H]4C[C@H](O)CC[C@]4(C)[C@H]3C[C@H](O)[C@]12C,BHQCQFFYRZLCQQ-OELDTZBJSA-N,quantified
HMDB0000623,Dodecanedioic acid,OC(=O)CCCCCCCCCCC(O)=O,TVIDDXQYHWJXFK-UHFFFAOYSA-N,quantified
HMDB0000626,Deoxycholic acid,[H][C@@]1(CC[C@@]2([H])[C@]3([H])CC[C@]4([H])C[C@H](O)CC[C@]4(C)[C@@]3([H])C[C@H](O)[C@]12C)[C@H](C)CCC(O)=O,KXGVEGMKQFWNSR-LLQZFEROSA-N,quantified
HMDB0000630,Cytosine,NC1=CC=NC(=O)N1,OPTASPLRGRRNAP-UHFFFAOYSA-N,quantified
HMDB0000641,L-Glutamine,N[C@@H](CCC(N)=O)C(O)=O,ZDXPYRJPNDTMRX-VKHMYHEASA-N,quantified
HMDB0000651,Decanoylcarnitine,CCCCCCCCCC(=O)O[C@H](CC([O-])=O)C[N+](C)(C)C,LZOSYCMHQXPBFU-OAHLLOKOSA-N,quantified
HMDB0000657,Copper,[Cu++],JPVYNHNXODAKFH-UHFFFAOYSA-N,quantified
HMDB0000661,Glutaric acid,OC(=O)CCCC(O)=O,JFCQEDHGNNZCLN-UHFFFAOYSA-N,quantified
HMDB0000666,Heptanoic acid,CCCCCCC(O)=O,MNWFXJYAOYHMED-UHFFFAOYSA-N,quantified
HMDB0000673,Linoleic acid,CCCCC\C=C/C\C=C/CCCCCCCC(O)=O,OYHQOLUKZRVURQ-HZJYTTRNSA-N,quantified
HMDB0000684,L-Kynurenine,N[C@@H](CC(=O)C1=CC=CC=C1N)C(O)=O,YGPSJZOEDVAXAB-QMMMGPOBSA-N,quantified
HMDB0000687,L-Leucine,CC(C)C[C@H](N)C(O)=O,ROHFNLRQFUQHCH-YFKPBYRVSA-N,quantified
HMDB0000689,Isocaproic acid,CC(C)CCC(O)=O,FGKJLKRYENPLQH-UHFFFAOYSA-N,quantified
HMDB0000692,Fe2+,[Fe++],CWYNVVGOOAEACU-UHFFFAOYSA-N,quantified
HMDB0000695,Ketoleucine,CC(C)CC(=O)C(O)=O,BKAJNAXTPSGJCU-UHFFFAOYSA-N,quantified
HMDB0000696,L-Methionine,CSCC[C@H](N)C(O)=O,FFEARJCKVFRZRR-BYPYZUCNSA-N,quantified
HMDB0000714,Hippuric acid,OC(=O)CNC(=O)C1=CC=CC=C1,QIAFMBKCNZACKA-UHFFFAOYSA-N,quantified
HMDB0000715,Kynurenic acid,OC(=O)C1=CC(=O)C2=CC=CC=C2N1,HCZHHEIFKROPDY-UHFFFAOYSA-N,quantified
HMDB0000718,Isovaleric acid,CC(C)CC(O)=O,GWYFCOCPABKNJV-UHFFFAOYSA-N,quantified
HMDB0000719,L-Homoserine,N[C@@H](CCO)C(O)=O,UKAUYVFTDYCKQA-VKHMYHEASA-N,quantified
HMDB0000725,4-Hydroxyproline,O[C@H]1CN[C@@H](C1)C(O)=O,PMMYEEVYMWASQN-DMTCNVIQSA-N,quantified
HMDB0000738,Indole,N1C=CC2=C1C=CC=C2,SIKJAQJRHWYJAI-UHFFFAOYSA-N,quantified
HMDB0000742,Homocysteine,N[C@@H](CCS)C(O)=O,FFFHZYDWPBMWHY-VKHMYHEASA-N,quantified
HMDB0000754,3-Hydroxyisovaleric acid,CC(C)(O)CC(O)=O,AXFYFNCPONWUHW-UHFFFAOYSA-N,quantified
HMDB0000756,Hexanoylcarnitine,CCCCCC(=O)O[C@H](CC(O)=O)C[N+](C)(C)C,VVPRQWTYSNDTEA-LLVKDONJSA-O,quantified
HMDB0000763,5-Hydroxyindoleacetic acid,OC(=O)CC1=CNC2=C1C=C(O)C=C2,DUUGKQCEGZLZNO-UHFFFAOYSA-N,quantified
HMDB0000764,Hydrocinnamic acid,OC(=O)CCC1=CC=CC=C1,XMIIGOLPHOKFCH-UHFFFAOYSA-N,quantified
HMDB0000791,Octanoylcarnitine,CCCCCCCC(=O)O[C@H](CC(O)=O)C[N+](C)(C)C,CXTATJFJDMJMIY-CYBMUJFWSA-O,quantified
HMDB0000792,Sebacic acid,OC(=O)CCCCCCCCC(O)=O,CXMXRPHRNRROMY-UHFFFAOYSA-N,quantified
HMDB0000819,Normetanephrine,COC1=CC(=CC=C1O)C(O)CN,YNYAYWLBAHXHLL-UHFFFAOYSA-N,quantified
HMDB0000820,Propyl alcohol,CCCO,BDERNNFJNOPAEC-UHFFFAOYSA-N,quantified
HMDB0000824,Propionylcarnitine,CCC(=O)O[C@H](CC(O)=O)C[N+](C)(C)C,UFAHZIUFPNSHSL-MRVPVSSYSA-O,quantified
HMDB0000826,Pentadecanoic acid,CCCCCCCCCCCCCCC(O)=O,WQEPLUUGTLDZJY-UHFFFAOYSA-N,quantified
HMDB0000827,Stearic acid,CCCCCCCCCCCCCCCCCC(O)=O,QIQXTHQIDYTFRH-UHFFFAOYSA-N,quantified
HMDB0000845,Neopterin,NC1=NC2=C(N=C(C=N2)C(O)C(O)CO)C(=O)N1,BMQYVXCPAOLZOK-UHFFFAOYSA-N,quantified
HMDB0000847,Pelargonic acid,CCCCCCCCC(O)=O,FBUKVWPVBMHYJY-UHFFFAOYSA-N,detected
HMDB0000851,Pyridinoline,N[C@@H](CCC1=C[N+](C[C@H](O)CC[C@H](N)C([O-])=O)=CC(O)=C1C[C@H](N)C(O)=O)C(O)=O,LCYXYLLJXMAEMT-SAXRGWBVSA-N,quantified
HMDB0000863,Isopropyl alcohol,CC(C)O,KFZMGEQAYNKOFK-UHFFFAOYSA-N,quantified
HMDB0000879,Tetrahydrodeoxycorticosterone,[H][C@@]12CC[C@H](C(=O)CO)[C@@]1(C)CC[C@@]1([H])[C@@]2([H])CC[C@@]2([H])C[C@H](O)CC[C@]12C,CYKYBWRSLLXBOW-GDYGHMJCSA-N,quantified
HMDB0000883,L-Valine,CC(C)[C@H](N)C(O)=O,KZSNJWFQEVHDMF-BYPYZUCNSA-N,quantified
HMDB0000888,Undecanedioic acid,OC(=O)CCCCCCCCCC(O)=O,LWBHHRRTOZQPDM-UHFFFAOYSA-N,quantified
HMDB0000892,Valeric acid,CCCCC(O)=O,NQPDZGIKBAWPEJ-UHFFFAOYSA-N,quantified
HMDB0000898,1-Methylhistamine,CN1C=NC(CCN)=C1,FHQDWPCFSJMNCT-UHFFFAOYSA-N,quantified
HMDB0000904,Citrulline,N[C@@H](CCCNC(N)=O)C(O)=O,RHGKLRLOHDJJDR-BYPYZUCNSA-N,quantified
HMDB0000906,Trimethylamine,CN(C)C,GETQZCLCWQTVFV-UHFFFAOYSA-N,quantified
HMDB0000910,Tridecanoic acid,CCCCCCCCCCCCC(O)=O,SZHOJFHSIKHZHA-UHFFFAOYSA-N,detected
HMDB0000925,Trimethylamine N-oxide,C[N+](C)(C)[O-],UYPYRKYUKCHHIB-UHFFFAOYSA-N,quantified
HMDB0000926,Pyridine,C1=CC=NC=C1,JUJWROOIHBZHMG-UHFFFAOYSA-N,detected
HMDB0000929,L-Tryptophan,N[C@@H](CC1=CNC2=C1C=CC=C2)C(O)=O,QIVBCDIJIAJPQS-VIFPVBQESA-N,quantified
HMDB0000951,Taurochenodesoxycholic acid,[H][C@@]1(CC[C@@]2([H])[C@]3([H])[C@H](O)C[C@]4([H])C[C@H](O)CC[C@]4(C)[C@@]3([H])CC[C@]12C)[C@H](C)CCC(=O)NCCS(O)(=O)=O,BHTRKEVKTKCXOH-BJLOMENOSA-N,quantified
HMDB0000982,5-Methylcytidine,CC1=CN([C@@H]2O[C@H](CO)[C@@H](O)[C@H]2O)C(=O)N=C1N,ZAYHVCMSTBRABG-JXOAFFINSA-N,quantified
HMDB0000990,Acetaldehyde,CC=O,IKHGUXGNUITLKF-UHFFFAOYSA-N,quantified
HMDB0001032,Dehydroepiandrosterone sulfate,[H][C@@]12CCC(=O)[C@@]1(C)CC[C@@]1([H])[C@@]2([H])CC=C2C[C@H](CC[C@]12C)OS(O)(=O)=O,CZWCKYRVOZZJNM-USOAJAOKSA-N,quantified
HMDB0001035,Angiotensin II,CC[C@H](C)[C@H](NC(=O)[C@H](CC1=CC=C(O)C=C1)NC(=O)[C@@H](NC(=O)[C@H](CCCN=C(N)N)NC(=O)[C@@H](N)CC(O)=O)C(C)C)C(=O)N[C@@H](CC1=CN=CN1)C(=O)N1CCC[C@H]1C(=O)N[C@@H](CC1=CC=CC=C1)C(O)=O,CZGUSIXMZVURDU-JZXHSEFVSA-N,quantified
HMDB0001049,gamma-Glutamylcysteine,N[C@@H](CCC(=O)N[C@@H](CS)C(O)=O)C(O)=O,RITKHVBHSGLULN-WHFBIAKZSA-N,quantified
HMDB0001051,Glyceraldehyde,OCC(O)C=O,MNQZXJOMYWMBOU-UHFFFAOYSA-N,quantified
HMDB0001140,Octanal,CCCCCCCC=O,NUJGJRNETVAIRJ-UHFFFAOYSA-N,quantified
HMDB0001183,Octanol,CCCCCCCCO,KBPLFHHGFOOTCA-UHFFFAOYSA-N,quantified
HMDB0001184,Methyl propenyl ketone,C\C=C\C(C)=O,LABTWGUMFABVFG-ONEGZZNKSA-N,detected
HMDB0001247,Aluminum,[Al],XAGFODPZIPBFFR-UHFFFAOYSA-N,quantified
HMDB0001257,Spermidine,NCCCCNCCCN,ATHGHQPFGPMSJY-UHFFFAOYSA-N,quantified
HMDB0001302,Molybdenum,[Mo++],MMVYPOCJESWGTC-UHFFFAOYSA-N,quantified
HMDB0001333,Manganese,[Mn++],WAEMQWOKJMHJLA-UHFFFAOYSA-N,quantified
HMDB0001406,Niacinamide,NC(=O)C1=CC=CN=C1,DFPAKSUCGFBDDF-UHFFFAOYSA-N,quantified
HMDB0001414,Putrescine,NCCCCN,KIDHWZJUCRJVML-UHFFFAOYSA-N,quantified
HMDB0001419,24-Hydroxycholesterol,[H][C@@]1(CC[C@@]2([H])[C@]3([H])CC=C4C[C@@H](O)CC[C@]4(C)[C@@]3([H])CC[C@]12C)[C@H](C)CC[C@H](O)C(C)C,IOWMKBFJCNLRTC-XWXSNNQWSA-N,quantified
HMDB0001453,Thiocyanate,[S-]C#N,ZMZDMBWJUHKJPS-UHFFFAOYSA-M,quantified
HMDB0001485,Octane,CCCCCCCC,TVMXDCGIABBOFY-UHFFFAOYSA-N,detected
HMDB0001488,Nicotinic acid,OC(=O)C1=CN=CC=C1,PVNIIMVLHYAWGP-UHFFFAOYSA-N,quantified
HMDB0001491,Pyridoxal 5'-phosphate,CC1=NC=C(COP(O)(O)=O)C(C=O)=C1O,NGVDGCNFYWLIFO-UHFFFAOYSA-N,quantified
HMDB0001496,7alpha-Hydroxycholesterol,[H][C@@]1(CC[C@@]2([H])[C@]3([H])[C@H](O)C=C4C[C@@H](O)CC[C@]4(C)[C@@]3([H])CC[C@]12C)[C@H](C)CCCC(C)C,OYXZMSRRJOYLLO-RVOWOUOISA-N,quantified
HMDB0001548,D-Ribose 5-phosphate,O[C@H]1O[C@H](COP(O)(O)=O)[C@@H](O)[C@H]1O,KTVPXOYAKDPRHY-AIHAYLRMSA-N,quantified
HMDB0001659,Acetone,CC(C)=O,CSCPPACGZOOCGX-UHFFFAOYSA-N,quantified
HMDB0001844,Methylsuccinic acid,C[C@@H](CC(O)=O)C(O)=O,WXUAQHNMJWJLTG-VKHMYHEASA-N,quantified
HMDB0001857,"1,3-Dimethyluric acid",CN1C2=C(NC(=O)N2)C(=O)N(C)C1=O,OTSBKHHWSQYEHK-UHFFFAOYSA-N,quantified
HMDB0001858,p-Cresol,CC1=CC=C(O)C=C1,IWDCLRJOBJJRNH-UHFFFAOYSA-N,quantified
HMDB0001873,Isobutyric acid,CC(C)C(O)=O,KQNPFQTWMSNSAP-UHFFFAOYSA-N,quantified
HMDB0001875,Methanol,CO,OKKJLVBELUTLKV-UHFFFAOYSA-N,quantified
HMDB0001906,2-Aminoisobutyric acid,CC(C)(N)C(O)=O,FUOOLUPWFVMBKG-UHFFFAOYSA-N,quantified
HMDB0001960,Tin,[SnH4+4],PXQLTWWGPFDWNT-UHFFFAOYSA-N,quantified
HMDB0001989,Tungsten,[W+4],YFGRPIXHCIXTLM-UHFFFAOYSA-N,quantified
HMDB0001993,7a-Hydroxy-cholestene-3-one,[H][C@@]1(CC[C@@]2([H])[C@]3([H])[C@H](O)CC4=CC(=O)CC[C@]4(C)[C@@]3([H])CC[C@]12C)[C@H](C)CCCC(C)C,IOIZWEJGGCZDOL-RQDYSCIWSA-N,quantified
HMDB0002012,Ubiquinone-1,COC1=C(OC)C(=O)C(CC=C(C)C)=C(C)C1=O,SOECUQMRSRVZQQ-UHFFFAOYSA-N,quantified
HMDB0002103,27-Hydroxycholesterol,[H][C@@]1(CC[C@@]2([H])[C@]3([H])CC=C4C[C@@H](O)CC[C@]4(C)[C@@]3([H])CC[C@]12C)[C@H](C)CCC[C@@H](C)CO,FYHRJWMENCALJY-YSQMORBQSA-N,quantified
HMDB0002174,Cobalamin,[H][C@]12[C@H](CC(N)=O)[C@@]3(C)CCC(=O)NC[C@@H](C)OP([O-])(=O)O[C@H]4[C@@H](O)[C@H](O[C@@H]4CO)N4C=[N+](C5=CC(C)=C(C)C=C45)[Co--]456N1C3=C(C)C1=[N+]4C(=CC3=[N+]5C(=C(C)C4=[N+]6[C@]2(C)[C@@](C)(CC(N)=O)[C@@H]4CCC(N)=O)[C@@](C)(CC(N)=O)[C@@H]3CCC(N)=O)C(C)(C)[C@@H]1CCC(N)=O,NSLAUEAQDBERRV-DSRCUDDDSA-L,quantified
HMDB0002175,Silicon,[Si+4],RWMKKWXZFRMVPB-UHFFFAOYSA-N,quantified
HMDB0002176,Ethylmethylacetic acid,CCC(C)C(O)=O,WLAMNBDJUVNPJU-UHFFFAOYSA-N,quantified
HMDB0002179,Peroxynitrite,OON=O,CMFNMSMUKZHDEY-UHFFFAOYSA-N,quantified
HMDB0002196,Bismuth,[Bi+3],JDIBGQFKXXXXPN-UHFFFAOYSA-N,quantified
HMDB0002199,Desaminotyrosine,OC(=O)CCC1=CC=C(O)C=C1,NMHMNPHRMNGLLB-UHFFFAOYSA-N,quantified
HMDB0002303,Dimethylsulfide,CSC,QMMFVYPAHWMCMS-UHFFFAOYSA-N,quantified
HMDB0002322,Cadaverine,NCCCCCN,VHRGRCVQAFMJIZ-UHFFFAOYSA-N,quantified
HMDB0002457,Nickel,[Ni++],VEQPNABPJHWNSG-UHFFFAOYSA-N,quantified
HMDB0002503,Vanadium,[V+3],KOKKJWHERHSKEB-UHFFFAOYSA-N,quantified
HMDB0002714,Methane,C,VNWKTOKETHGBQD-UHFFFAOYSA-N,detected
HMDB0002789,Zeaxanthin,C\C(\C=C\C=C(/C)\C=C\C1=C(C)C[C@@H](O)CC1(C)C)=C/C=C/C=C(\C)/C=C/C=C(\C)/C=C/C1=C(C)C[C@@H](O)CC1(C)C,JKQXZKUSFCKOGQ-QAYBQHTQSA-N,quantified
HMDB0002802,Cortisone,[H][C@@]12CC[C@](O)(C(=O)CO)[C@@]1(C)CC(=O)[C@@]1([H])[C@@]2([H])CCC2=CC(=O)CC[C@]12C,MFYSYFVPBJMHGN-ZPOLXVRWSA-N,quantified
HMDB0002886,6-Keto-prostaglandin F1a,CCCCC[C@H](O)\C=C\[C@H]1[C@H](O)C[C@H](O)[C@@H]1CC(=O)CCCCC(O)=O,KFGOFTHODYBSGM-ZUNNJUQCSA-N,quantified
HMDB0002939,Methyl isobutyl ketone,CC(C)CC(C)=O,NTIZESTWPVYFNL-UHFFFAOYSA-N,detected
HMDB0003000,Lycopene,CC(C)=CCC\C(C)=C\C=C\C(\C)=C\C=C\C(\C)=C\C=C\C=C(/C)\C=C\C=C(/C)\C=C\C=C(/C)CCC=C(C)C,OAIJSZIZWZSQBC-GYZMGTAESA-N,quantified
HMDB0003119,Benzyl alcohol,OCC1=CC=CC=C1,WVDDGKGOMKODPV-UHFFFAOYSA-N,quantified
HMDB0003227,Methanethiol,CS,LSDPWZHWYPCBBB-UHFFFAOYSA-N,quantified
HMDB0003233,Lutein,C\C(\C=C\C=C(/C)\C=C\[C@H]1C(C)=C[C@H](O)CC1(C)C)=C/C=C/C=C(\C)/C=C/C=C(\C)/C=C/C1=C(C)C[C@@H](O)CC1(C)C,KBPHJBAIARWVSC-RGZFRNHPSA-N,quantified
HMDB0003243,Acetoin,CC(O)C(C)=O,ROWKJAVDOGWPAT-UHFFFAOYSA-N,quantified
HMDB0003315,Cyclohexanone,O=C1CCCCC1,JHIVVAPYMSGYDF-UHFFFAOYSA-N,detected
HMDB0003334,Symmetric dimethylarginine,CN\C(NCCC[C@H](N)C(O)=O)=N/C,HVPFXCBJHIIJGS-LURJTMIESA-N,quantified
HMDB0003337,Oxidized glutathione,N[C@@H](CCC(=O)N[C@@H](CSSC[C@H](NC(=O)CC[C@H](N)C(O)=O)C(=O)NCC(O)=O)C(=O)NCC(O)=O)C(O)=O,YPZRWBKMTBYPTK-BJDJZHNGSA-N,quantified
HMDB0003339,D-Glutamic acid,N[C@H](CCC(O)=O)C(O)=O,WHUUTDBJXJRKMK-GSVOUGTGSA-N,quantified
HMDB0003345,alpha-D-Glucose,OC[C@H]1O[C@H](O)[C@H](O)[C@@H](O)[C@@H]1O,WQZGKKKJIJFFOK-DVKNGEFBSA-N,detected
HMDB0003355,5-Aminopentanoic acid,NCCCCC(O)=O,JJMDCOVWQOJGCB-UHFFFAOYSA-N,quantified
HMDB0003366,Propanal,CCC=O,NBBJYMSMWIIQGU-UHFFFAOYSA-N,quantified
HMDB0003375,(+)-Limonene,CC(=C)[C@@H]1CCC(C)=CC1,XMGQYMWWDOXHJM-JTQLQIEISA-N,quantified
HMDB0003407,Diacetyl,CC(=O)C(C)=O,QSJXEFYPDANLFS-UHFFFAOYSA-N,quantified
HMDB0003424,1-Hexadecanol,CCCCCCCCCCCCCCCCO,BXWNKGSJHAJOGX-UHFFFAOYSA-N,detected
HMDB0003543,Butanal,CCCC=O,ZTQSAGDEMFDKMZ-UHFFFAOYSA-N,detected
HMDB0003625,Mercury,[Hg++],BQPIGGFYSBELGY-UHFFFAOYSA-N,quantified
HMDB0003638,Cadmium,[Cd++],WLZRMCYVCSSEQC-UHFFFAOYSA-N,quantified
HMDB0003642,Strontium,[Sr++],PWYYWQHXAPXYMF-UHFFFAOYSA-N,quantified
HMDB0003671,2-Heptanone,CCCCCC(C)=O,CATSNJVOTSVZJV-UHFFFAOYSA-N,quantified
HMDB0003990,"3b,5a,6b-Cholestanetriol",[H][C@@]12CC[C@H]([C@H](C)CCCC(C)C)[C@@]1(C)CC[C@@]1([H])[C@@]2([H])C[C@@H](O)[C@@]2(O)C[C@@H](O)CC[C@]12C,YMMFNKXZULYSOQ-RUXQDQFYSA-N,detected
HMDB0003993,alpha-Carotene,C\C(\C=C\C=C(/C)\C=C\[C@H]1C(C)=CCCC1(C)C)=C/C=C/C=C(\C)/C=C/C=C(\C)/C=C/C1=C(C)CCCC1(C)C,ANVAOWXLWRTKGA-NTXLUARGSA-N,quantified
HMDB0004118,Antimony,[Sb+3],FAWGZAFXDJGWBB-UHFFFAOYSA-N,quantified
HMDB0004142,Barium,[Ba++],XDFCIPNJCBUZJN-UHFFFAOYSA-N,quantified
HMDB0004158,Urobilinogen,CCC1=C(C)C(=O)NC1CC1=C(C)C(CCC(O)=O)=C(CC2=C(CCC(O)=O)C(C)=C(CC3NC(=O)C(C=C)=C3C)N2)N1,KSQFFJKKJAEKTB-UHFFFAOYSA-N,quantified
HMDB0004160,Urobilin,[H]C(C1=C(CCC(O)=O)C(C)=C(CC2NC(=O)C(C)=C2CC)N1)=C1N=C(CC2NC(=O)C(CC)=C2C)C(C)=C1CCC(O)=O,KDCCOOGTVSRCHX-UHFFFAOYSA-N,quantified
HMDB0004259,Acetyl-N-formyl-5-methoxykynurenamine,COC1=CC(C(=O)CCNC(C)=O)=C(NC=O)C=C1,JYWNYMJKURVPFH-UHFFFAOYSA-N,quantified
HMDB0004327,1-Butanol,CCCCO,LRHPLDYGYMQRHN-UHFFFAOYSA-N,quantified
HMDB0004628,Lead,[Pb++],RVPVRDXYQKGNMQ-UHFFFAOYSA-N,quantified
HMDB0005842,2-Oxohexane,CCCCC(C)=O,QQZOPKMRPOGIEB-UHFFFAOYSA-N,quantified
HMDB0005879,Dimethyldisulfide,CSSC,WQOXQRCZOLPYPM-UHFFFAOYSA-N,quantified
HMDB0005949,Lithium,[Li+],HBBGRARXTFLTSG-UHFFFAOYSA-N,quantified
HMDB0005994,Hexanal,CCCCCC=O,JARKCYVAAOWBJS-UHFFFAOYSA-N,quantified
HMDB0006006,Isobutanol,CC(C)CO,ZXEKIIBDNHEJCQ-UHFFFAOYSA-N,detected
HMDB0006007,Isopentanol,CC(C)CCO,PHTQWCKDNZKARW-UHFFFAOYSA-N,quantified
HMDB0006112,Malondialdehyde,O=CCC=O,WSMYVTOQOOLQHP-UHFFFAOYSA-N,quantified
HMDB0006115,Benzaldehyde,O=CC1=CC=CC=C1,HUMNYLRZRPPJDN-UHFFFAOYSA-N,quantified
HMDB0006119,7beta-Hydroxycholesterol,[H][C@@]1(CC[C@@]2([H])[C@]3([H])[C@@H](O)C=C4C[C@@H](O)CC[C@]4(C)[C@@]3([H])CC[C@]12C)[C@H](C)CCCC(C)C,OYXZMSRRJOYLLO-KGZHIOMZSA-N,quantified
HMDB0006225,Ercalcitriol,C[C@H](\C=C\[C@H](C)C(O)(C)C)[C@@]1([H])CC[C@@]2([H])\C(CCC[C@]12C)=C\C=C1\C[C@@H](O)C[C@H](O)C1=C,ZGLHBRQAEXKACO-XJRQOBMKSA-N,detected
HMDB0006236,Phenylacetaldehyde,O=CCC1=CC=CC=C1,DTUQWGWMVIHBKE-UHFFFAOYSA-N,quantified
HMDB0006478,Isovaleraldehyde,CC(C)CC=O,YGHRJJRRZDOVPD-UHFFFAOYSA-N,quantified
HMDB0006483,D-Aspartic acid,N[C@H](CC(O)=O)C(O)=O,CKLJMWTZIZZHCS-UWTATZPHSA-N,quantified
HMDB0007079,DG(15:0/20:1(11Z)/0:0),[H][C@](CO)(COC(=O)CCCCCCCCCCCCCC)OC(=O)CCCCCCCCC\C=C/CCCCCCCC,DICYCLUXEYFAQX-ORMHLZIJSA-N,detected
HMDB0007103,"DG(16:0/18:2(9Z,12Z)/0:0)",[H][C@](CO)(COC(=O)CCCCCCCCCCCCCCC)OC(=O)CCCCCCC\C=C/C\C=C/CCCCC,SVXWJFFKLMLOHO-YAIZGCQRSA-N,quantified
HMDB0007175,"DG(18:0/22:2(13Z,16Z)/0:0)",[H][C@](CO)(COC(=O)CCCCCCCCCCCCCCCCC)OC(=O)CCCCCCCCCCC\C=C/C\C=C/CCCCC,CPEWURNZWJEDDC-CMFLVMKTSA-N,detected
HMDB0007856,"LysoPA(18:2(9Z,12Z)/0:0)",CCCCC\C=C/C\C=C/CCCCCCCC(=O)OCC(O)COP(O)(O)=O,ZQTAMPRZFOOEEP-HZJYTTRNSA-N,detected
HMDB0008591,"PC(22:2(13Z,16Z)/14:1(9Z))",CCCCC\C=C/C\C=C/CCCCCCCCCCCC(=O)OC[C@]([H])(COP([O-])(=O)OCC[N+](C)(C)C)OC(=O)CCCCCCC\C=C/CCCC,AHJIOIOFNHUXKJ-GXAHKNHCSA-N,quantified
HMDB0010340,Retinyl beta-glucuronide,O[C@@H]1[C@@H](O)[C@H](OC\C=C(\C)/C=C/C=C(/C)\C=C\C2=C(C)CCCC2(C)C)O[C@H](C(O)=O)[C@H]1O,IYHVRAMISWFIRU-GMBUFXMQSA-N,quantified
HMDB0010576,"PG(16:0/18:3(6Z,9Z,12Z))",[H][C@](O)(CO)COP(O)(=O)OC[C@@]([H])(COC(=O)CCCCCCCCCCCCCCC)OC(=O)CCCC\C=C/C\C=C/C\C=C/CCCCC,MVHBCRUZHMRQHX-UIWSMAGISA-N,detected
HMDB0010730,3-Oxotetradecanoic acid,CCCCCCCCCCCC(=O)CC(O)=O,XLKOZYOVXNPWGT-UHFFFAOYSA-N,detected
HMDB0011134,5-HETE,CCCCC\C=C/C\C=C/C\C=C/C=C/[C@@H](O)CCCC(O)=O,KGIJOOYOSFUGPC-JGKLHWIESA-N,quantified
HMDB0011144,LysoPA(O-18:0/0:0),CCCCCCCCCCCCCCCCCCOCC(O)COP(O)(O)=O,HUUYDUFSUADEJQ-UHFFFAOYSA-N,detected
HMDB0011154,LysoPA(P-16:0/0:0),CCCCCCCCCCCCCC\C=C/OC[C@](O)([H])COP(=O)(O)O,LBGSRVIXIVDRQM-OAXWQBPPSA-N,detected
HMDB0011469,2-Butanol,CCC(C)O,BTANRVKWQNVYAZ-UHFFFAOYSA-N,quantified
HMDB0011478,"LysoPE(0:0/18:3(6Z,9Z,12Z))",[H][C@@](CO)(COP(O)(=O)OCCN)OC(=O)CCCC\C=C/C\C=C/C\C=C/CCCCC,QYXNIRQICOBIAE-CSLWLMPESA-N,detected
HMDB0011500,LysoPE(14:0/0:0),[H][C@@](O)(COC(=O)CCCCCCCCCCCCC)COP(O)(=O)OCCN,RPXHXZNGZBHSMJ-GOSISDBHSA-N,detected
HMDB0011502,LysoPE(15:0/0:0),[H][C@@](O)(COC(=O)CCCCCCCCCCCCCC)COP(O)(=O)OCCN,FGHPDPYCRTXYNZ-LJQANCHMSA-N,detected
HMDB0011503,LysoPE(16:0/0:0),[H][C@@](O)(COC(=O)CCCCCCCCCCCCCCC)COP(O)(=O)OCCN,YVYMBNSKXOXSKW-HXUWFJFHSA-N,detected
HMDB0011635,p-Cresol sulfate,CC1=CC=C(OS(O)(=O)=O)C=C1,WGNAKZGUSRVWRH-UHFFFAOYSA-N,quantified
HMDB0011738,N2-gamma-Glutamylglutamine,N[C@@H](CCC(=O)N[C@@H](CCC(N)=O)C(O)=O)C(O)=O,JBFYFLXEJFQWMU-WDSKDSINSA-N,quantified
HMDB0011749,2-Piperidinone,O=C1CCCCN1,XUWHAWMETYGRKB-UHFFFAOYSA-N,detected
HMDB0012166,4alpha-Carboxy-5alpha-cholesta-8-en-3beta-ol,CC(C)CCCC(C)C1CCC2C3=C(CC[C@]12C)[C@@]1(C)CC[C@H](O)[C@H](C1CC3)C(O)=O,RODBXVVNKJCWQR-KLZNZPMLSA-N,detected
HMDB0012275,Phenylethylamine,NCCC1=CC=CC=C1,BHHGXPLMPWCGHP-UHFFFAOYSA-N,quantified
HMDB0012798,5'-Carboxy-alpha-chromanol,CC(CCC[C@]1(C)CCC2=C(O1)C(C)=C(C)C(O)=C2C)C(O)=O,QWPNLVBAEZJBMI-IMFVZPHKSA-N,detected
HMDB0012971,1-Hexanol,CCCCCCO,ZSIAUFGUXNUGDI-UHFFFAOYSA-N,detected
HMDB0013036,1-Pentanol,CCCCCO,AMQJEAYHLZJPGS-UHFFFAOYSA-N,detected
HMDB0013627,Cervonoyl ethanolamide,CC\C=C/C\C=C/C\C=C/C\C=C/C\C=C/C\C=C/CCC(=O)OCCO,CXWASNUDKUTFPQ-KUBAVDMBSA-N,quantified
HMDB0013639,8-[(Aminomethyl)sulfanyl]-6-sulfanyloctanoic acid,NCSCCC(S)CCCCC(O)=O,YNZQCBXDUUGFIX-UHFFFAOYSA-N,detected
HMDB0013695,Urolithin A,OC1=CC2=C(C=C1)C1=C(C=C(O)C=C1)C(=O)O2,RIUPLDUFZCXCHM-UHFFFAOYSA-N,detected
HMDB0013724,Thallium,Cl[Tl],GBECUEIQVRDUKB-UHFFFAOYSA-M,quantified
HMDB0013780,Dimethyl trisulfide,CSSSC,YWHLKYXPLRWGSE-UHFFFAOYSA-N,detected
HMDB0013785,Furan,O1C=CC=C1,YLQBMQCUIZJEEH-UHFFFAOYSA-N,detected
HMDB0013809,(E)-2-octenal,[H]C(=O)C([H])=C([H])C([H])([H])C([H])([H])C([H])([H])C([H])([H])C([H])([H])[H],LVBXEMGDVWVTGY-UHFFFAOYSA-N,detected
HMDB0013811,1-Nitroheptane,CCCCCCC[N+](O)=O,FVLWFQZJXWIROM-UHFFFAOYSA-N,detected
HMDB0013824,2-Pentylfuran,CCCCCC1=CC=CO1,YVBAUDVGOFCUSG-UHFFFAOYSA-N,quantified
HMDB0014389,Mesalazine,NC1=CC(C(O)=O)=C(O)C=C1,KBOPZPXVLCULAV-UHFFFAOYSA-N,detected
HMDB0014447,Tranexamic Acid,NC[C@H]1CC[C@@H](CC1)C(O)=O,GYDJEQRTZSCIOI-LJGSYFOKSA-N,detected
HMDB0015532,Zinc,[Zn++],PTFCDOFLOPIGGS-UHFFFAOYSA-N,quantified
HMDB0028732,Asparaginylhydroxyproline,N[C@@H](CC(N)=O)C(=O)N1C[C@H](O)C[C@H]1C(O)=O,LMVFAFXAMGAFOO-SRQIZXRXSA-N,detected
HMDB0028757,Aspartyl-Leucine,CC(C)CC(NC(=O)C(N)CC(O)=O)C(O)=O,ZVDPYSVOZFINEE-UHFFFAOYSA-N,detected
HMDB0028805,Glutaminylproline,N[C@@H](CCC(N)=O)C(=O)N1CCC[C@H]1C(O)=O,NJMYZEJORPYOTO-BQBZGAKWSA-N,detected
HMDB0029106,Tyrosylhydroxyproline,N[C@@H](CC1=CC=C(O)C=C1)C(=O)N1C[C@H](O)C[C@H]1C(O)=O,FTWOPDCJCRFTHX-WOPDTQHZSA-N,detected
HMDB0029147,N-gamma-Glutamylglutamine,N[C@@H](CCC(=O)NC(=O)CC[C@H](N)C(O)=O)C(O)=O,FCWNOQOVMGNKNG-WDSKDSINSA-N,quantified
HMDB0029167,2-Methyladipic acid,CC(CCCC(O)=O)C(O)=O,JZUMVFMLJGSMRF-UHFFFAOYSA-N,detected
HMDB0029595,Nonane,CCCCCCCCC,BKIMMITUMNQMOS-UHFFFAOYSA-N,detected
HMDB0029596,Chloroform,ClC(Cl)Cl,HEDRZPFGACZZDS-UHFFFAOYSA-N,quantified
HMDB0029597,Cyclohexane,C1CCCCC1,XDTMQSROBMDMFD-UHFFFAOYSA-N,detected
HMDB0029600,Hexane,CCCCCC,VLKZOEOYAKHREP-UHFFFAOYSA-N,detected
HMDB0029603,Pentane,CCCCC,OFBQJSOFQDEBGM-UHFFFAOYSA-N,detected
HMDB0029638,4-Methylbenzaldehyde,CC1=CC=C(C=O)C=C1,FXLOVSHXALFLKQ-UHFFFAOYSA-N,detected
HMDB0029641,"p-Mentha-1,3,5,8-tetraene",CC(=C)C1=CC=C(C)C=C1,MMSLOZQEMPDGPI-UHFFFAOYSA-N,detected
HMDB0029728,2-Ethyl-5-methylfuran,CCC1=CC=C(C)O1,NBXLPPVOZWYADY-UHFFFAOYSA-N,detected
HMDB0029751,Naphthalene,C1=CC2=CC=CC=C2C=C1,UFWIBTONFRDIAS-UHFFFAOYSA-N,detected
HMDB0029762,Methyl (S)-2-Methylbutanoate,CCC(C)C(=O)OC,OCWLYWIFNDCWRZ-UHFFFAOYSA-N,detected
HMDB0030028,Ethyl isovalerate,CCOC(=O)CC(C)C,PPXUHEORWJQRHJ-UHFFFAOYSA-N,detected
HMDB0030052,Butyl propionate,CCCCOC(=O)CC,BTMVHUNTONAYDX-UHFFFAOYSA-N,quantified
HMDB0030058,Ethyl propionate,CCOC(=O)CC,FKRCODPIKNYEAC-UHFFFAOYSA-N,quantified
HMDB0030059,Propyl propionate,CCCOC(=O)CC,MCSINKKTEDDPNK-UHFFFAOYSA-N,quantified
HMDB0030062,Methyl propionate,CCC(=O)OC,RJUFJBKOKNCXHH-UHFFFAOYSA-N,detected
HMDB0031019,2-Dodecanone,CCCCCCCCCCC(C)=O,LSKONYYRONEBKA-UHFFFAOYSA-N,quantified
HMDB0031206,Pentanal,CCCCC=O,HGBOYTHUEUWSSQ-UHFFFAOYSA-N,detected
HMDB0031207,Methyl pentanoate,CCCCC(=O)OC,HNBDRPTVWVGKBR-UHFFFAOYSA-N,detected
HMDB0031217,Ethyl acetate,CCOC(C)=O,XEKOWRVHYACXOJ-UHFFFAOYSA-N,quantified
HMDB0031230,2-Ethylhexanoic acid,CCCCC(CC)C(O)=O,OBETXYAYXDNJHR-UHFFFAOYSA-N,quantified
HMDB0031231,xi-2-Ethyl-1-hexanol,CCCCC(CC)CO,YIWUKEYIRIRTPP-UHFFFAOYSA-N,detected
HMDB0031243,2-Methylpropanal,CC(C)C=O,AMIMRNSIRUDHCM-UHFFFAOYSA-N,detected
HMDB0031265,1-Nonanol,CCCCCCCCCO,ZWRUINPWMLAQRD-UHFFFAOYSA-N,detected
HMDB0031266,2-Nonanone,CCCCCCCC(C)=O,VKCYHJWLYTUGCC-UHFFFAOYSA-N,quantified
HMDB0031294,2-Octanone,CCCCCCC(C)=O,ZPVFWPFBNIEHGJ-UHFFFAOYSA-N,detected
HMDB0031299,(R)-1-Octen-3-ol,CCCCCC(O)C=C,VSMOENVRRABVKN-UHFFFAOYSA-N,quantified
HMDB0031317,Bis(methylthio)methane,CSCSC,LOCDPORVFVOGCR-UHFFFAOYSA-N,detected
HMDB0031343,Methyl cyclohexanecarboxylate,COC(=O)C1CCCCC1,ZQWPRMPSCMSAJU-UHFFFAOYSA-N,detected
HMDB0031409,2-Decanone,CCCCCCCCC(C)=O,ZAJNGDIORYACQU-UHFFFAOYSA-N,quantified
HMDB0031445,Undecane,CCCCCCCCCCC,RSJKGSCJYJTIGS-UHFFFAOYSA-N,detected
HMDB0031450,N-Decane,CCCCCCCCCC,DIOQZVSQGTUSAI-UHFFFAOYSA-N,detected
HMDB0031475,Heptanal,CCCCCCC=O,FXHGMKSSBGDXIY-UHFFFAOYSA-N,quantified
HMDB0031482,3-Heptanone,CCCCC(=O)CC,NGAZZOYFWWSOGK-UHFFFAOYSA-N,detected
HMDB0031491,"2,3-Hexanedione",CCCC(=O)C(C)=O,MWVFCEVNXHTDNF-UHFFFAOYSA-N,detected
HMDB0031523,Methyl acetate,COC(C)=O,KXKVLQRXCPHEJC-UHFFFAOYSA-N,detected
HMDB0031525,(S)-2-Methylbutanal,CC[C@H](C)C=O,BYGQBDHUGHBGMD-YFKPBYRVSA-N,quantified
HMDB0031526,(±)-2-Methylbutanal,CCC(C)C=O,BYGQBDHUGHBGMD-UHFFFAOYSA-N,quantified
HMDB0031528,Isopentyl acetate,CC(C)CCOC(C)=O,MLFHJEHSLIIPHL-UHFFFAOYSA-N,detected
HMDB0031548,Dichloromethane,ClCCl,YMWUJEATGCHHMB-UHFFFAOYSA-N,detected
HMDB0031549,5-Methyl-2-hexanone,CC(C)CCC(C)=O,FFWSICBKRCICMR-UHFFFAOYSA-N,detected
HMDB0031582,"6-Methyl-3,5-heptadien-2-one",CC(C)=C\C=C/C(C)=O,KSKXSFZGARKWOW-XQRVVYSFSA-N,detected
HMDB0031598,"2,3-Pentanedione",CCC(=O)C(C)=O,TZMFJUDUGYTVRY-UHFFFAOYSA-N,detected
HMDB0031872,Methyl propyl disulfide,CCCSSC,PUCHCUYBORIUSM-UHFFFAOYSA-N,detected
HMDB0032076,1-Methoxy-4-methylbenzene,COC1=CC=C(C)C=C1,CHLICZRVGGXEOD-UHFFFAOYSA-N,detected
HMDB0032619,1-Phenylethanol,CC(O)C1=CC=CC=C1,WAPNOHKVXSQRPX-UHFFFAOYSA-N,detected
HMDB0032914,2-Furancarboxaldehyde,O=CC1=CC=CO1,HYBBIBNJHNGZAN-UHFFFAOYSA-N,quantified
HMDB0032972,"2,6-Dimethylpyridine",CC1=CC=CC(C)=N1,OISVCGZHLKNMSJ-UHFFFAOYSA-N,detected
HMDB0032980,"3,4-Dimethylthiophene",CC1=CSC=C1C,GPSFYJDZKSRMKZ-UHFFFAOYSA-N,detected
HMDB0033002,5-Methyl-2-furancarboxaldehyde,CC1=CC=C(O1)C=O,OUDFNZMQXZILJD-UHFFFAOYSA-N,detected
HMDB0033119,3-Methylthiophene,CC1=CSC=C1,QENGPZGAWFQWCZ-UHFFFAOYSA-N,detected
HMDB0033167,Ethyl cyclohexanecarboxylate,CCOC(=O)C1CCCCC1,JJOYCHKVKWDMEA-UHFFFAOYSA-N,detected
HMDB0033182,"2,5-Dimethylfuran",CC1=CC=C(C)O1,GSNUFIFRDBKVIE-UHFFFAOYSA-N,quantified
HMDB0033547,3-Octen-2-one,CCCC\C=C\C(C)=O,ZCFOBLITZWHNNC-VOTSOKGWSA-N,detected
HMDB0033620,Hexyl butyrate,CCCCCCOC(=O)CCC,XAPCMTMQBXLDBB-UHFFFAOYSA-N,quantified
HMDB0033713,2-Undecanone,CCCCCCCCCC(C)=O,KYWIYKKSMDLRDC-UHFFFAOYSA-N,quantified
HMDB0033844,beta-Cryptoxanthin,C\C(\C=C\C=C(/C)\C=C\C1=C(C)CCCC1(C)C)=C/C=C/C=C(\C)/C=C/C=C(\C)/C=C/C1=C(C)C[C@@H](O)CC1(C)C,DMASLKHVQRHNES-FKKUPVFPSA-N,quantified
HMDB0033889,Ethyl butyrate,CCCC(=O)OCC,OBNCKNCVKJNDBV-UHFFFAOYSA-N,quantified
HMDB0033890,Methyl butyrate,CCCC(=O)OC,UUIQMZJEGPQKFD-UHFFFAOYSA-N,quantified
HMDB0033910,Acetophenone,CC(=O)C1=CC=CC=C1,KWOLFJPFCHCOCG-UHFFFAOYSA-N,quantified
HMDB0033944,2-Phenylethanol,OCCC1=CC=CC=C1,WRMNZCZEMHIOCP-UHFFFAOYSA-N,quantified
HMDB0034168,Toluene,CC1=CC=CC=C1,YXFVVABEGXRONW-UHFFFAOYSA-N,quantified
HMDB0034220,Levoinositol,O[C@H]1[C@H](O)[C@@H](O)[C@H](O)[C@H](O)[C@H]1O,CDAISMWEOUEBRE-SHFUYGGZSA-N,detected
HMDB0034233,2-Butenal,C\C=C\C=O,MLUCVPSAIODCQM-NSCUHMNNSA-N,detected
HMDB0034235,2-Pentanone,CCCC(C)=O,XNLICIUVMPYHGG-UHFFFAOYSA-N,quantified
HMDB0034240,Styrene,C=CC1=CC=CC=C1,PPBRXRYQALVLMV-UHFFFAOYSA-N,quantified
HMDB0035226,2-Acetyl-5-methylfuran,CC(=O)C1=CC=C(C)O1,KEFJLCGVTHRGAH-UHFFFAOYSA-N,detected
HMDB0035238,Methyl hexanoate,CCCCCC(=O)OC,NUKZAGXMHTUAFE-UHFFFAOYSA-N,detected
HMDB0035289,"2,5-Dimethylpyrazine",CC1=CN=C(C)C=N1,LCZUOKDVTBMCMX-UHFFFAOYSA-N,detected
HMDB0035619,alpha-Carene,CC1=CCC2C(C1)C2(C)C,BQOFWKZOCNGFEC-UHFFFAOYSA-N,detected
HMDB0035765,p-Menthan-3-ol,CC(C)C1CCC(C)CC1O,NOOLISFMXDJSKH-UHFFFAOYSA-N,detected
HMDB0035850,alpha-Phellandrene,CC(C)C1CC=C(C)C=C1,OGLDWXZKYODSOB-UHFFFAOYSA-N,detected
HMDB0035915,Sulcatone,CC(C)=CCCC(C)=O,UHEPJGULSIKKTP-UHFFFAOYSA-N,quantified
HMDB0035924,Pyrrole,N1C=CC=C1,KAESVJOAVNADME-UHFFFAOYSA-N,detected
HMDB0036081,beta-Phellandrene,CC(C)C1CCC(=C)C=C1,LFJQCDVYDGGFCH-UHFFFAOYSA-N,detected
HMDB0036100,"3,7-Dimethyl-1,6-octadien-3-ol",CC(C)=CCCC(C)(O)C=C,CDOSHBSSFJOMGT-UHFFFAOYSA-N,detected
HMDB0036209,Propyl 2-methylpropanoate,CCCOC(=O)C(C)C,AZFUASHXSOTBNU-UHFFFAOYSA-N,detected
HMDB0036413,alpha-Cubebene,[H][C@]12[C@@H](CC[C@@H](C)[C@]11CC=C(C)[C@]21[H])C(C)C,XUEHVOLRMXNRKQ-KHMAMNHCSA-N,quantified
HMDB0036467,alpha-Humulene,C\C1=C/CC(C)(C)\C=C\C\C(C)=C\CC1,FAMPSKZZVDUYOS-HRGUGZIWSA-N,detected
HMDB0036574,Carbon disulfide,S=C=S,QGJOPFRUJISHPQ-UHFFFAOYSA-N,quantified
HMDB0036792,beta-Caryophyllene,[H][C@]12CC(C)(C)[C@]1([H])CC\C(C)=C\CCC2=C,NPNUFJAVOOONJE-GFUGXAQUSA-N,detected
HMDB0036994,Terpinolene,CC(C)=C1CCC(C)=CC1,MOYAFQVGZZPNRA-UHFFFAOYSA-N,detected
HMDB0037020,p-Menthan-1-ol,CC(C)C1CCC(C)(O)CC1,CMLYGGFIXXLYQT-UHFFFAOYSA-N,detected
HMDB0037050,1-Isopropyl-2-methylbenzene,CC(C)C1=CC=CC=C1C,WWRCMNKATXZARA-UHFFFAOYSA-N,detected
HMDB0037051,1-Isopropyl-3-methylbenzene,CC(C)C1=CC=CC(C)=C1,XCYJPXQACVEIOS-UHFFFAOYSA-N,detected
HMDB0039095,Pentyl acetate,CCCCCOC(C)=O,PGMYKACGEOXYJE-UHFFFAOYSA-N,detected
HMDB0039618,Propyl butyrate,CCCOC(=O)CCC,HUAZGNHGCJGYNP-UHFFFAOYSA-N,quantified
HMDB0039620,Butyl butyrate,CCCCOC(=O)CCC,XUPYJHCZDLZNFP-UHFFFAOYSA-N,detected
HMDB0039843,S-Methyl 3-methylthiobutyrate,CSC(=O)CC(C)C,MPLWTJZAFOVXKP-UHFFFAOYSA-N,detected
HMDB0040272,2-Butylfuran,CCCCC1=CC=CO1,NWZIYQNUCXUJJJ-UHFFFAOYSA-N,detected
HMDB0040297,Ethyl pentanoate,CCCCC(=O)OCC,ICMAFTSLXCXHRK-UHFFFAOYSA-N,quantified
HMDB0040726,(±)-cis-Linalyl oxide,CC(C)(O)[C@H]1CC[C@](C)(O1)C=C,BRHDDEIRQPDPMG-PSASIEDQSA-N,detected
HMDB0041389,Methyl 2-propenyl disulfide,CSSCC=C,XNZOTQPMYMCTBZ-UHFFFAOYSA-N,detected
HMDB0041971,P-Dichlorobenzene,ClC1=CC=C(Cl)C=C1,OCJBOOLMMGQPQU-UHFFFAOYSA-N,quantified
HMDB0059732,2-(2-Phenylacetoxy)propionylglycine,CCC(=O)NC(OC(=O)CC1=CC=CC=C1)C(O)=O,CFIIOIQADIQNGQ-UHFFFAOYSA-N,detected
HMDB0059773,S-3-oxodecanoyl cysteamine,CCCCCCCC(=O)CC(=O)SCCN,LGPPHMDEKCAPLE-UHFFFAOYSA-N,detected
HMDB0059810,m-Xylene,CC1=CC(C)=CC=C1,IVSZLXZYQVIEFR-UHFFFAOYSA-N,quantified
HMDB0059835,Nonanal,CCCCCCCCC=O,GYHFUZHODSMOHU-UHFFFAOYSA-N,quantified
HMDB0059848,m-Ethyl_toluene,[H]C1=C([H])C(=C([H])C(=C1[H])C([H])([H])C([H])([H])[H])C([H])([H])[H],ZLCSFXXPPANWQY-UHFFFAOYSA-N,detected
HMDB0059851,o-Xylene,CC1=CC=CC=C1C,CTQNGGLPUBDAKN-UHFFFAOYSA-N,quantified
HMDB0059899,alpha-Methylstyrene,CC(=C)C1=CC=CC=C1,XYLMUPLGERFSHI-UHFFFAOYSA-N,detected
HMDB0059901,Hemimellitene,CC1=CC=CC(C)=C1C,FYGHSUNMUKGBRK-UHFFFAOYSA-N,detected
HMDB0059905,Ethylbenzene,CCC1=CC=CC=C1,YNQLUTRBYVCPMQ-UHFFFAOYSA-N,quantified
HMDB0059907,Tetradecane,CCCCCCCCCCCCCC,BGHCVCJVXZWKCC-UHFFFAOYSA-N,quantified
HMDB0059924,p-Xylene,CC1=CC=C(C)C=C1,URLKBWYHVLBVBO-UHFFFAOYSA-N,detected
HMDB0060602,N-acetyl-5-aminosalicylic acid,CC(=O)NC1=CC=C(O)C(=C1)C(O)=O,GEFDRROBUCULOD-UHFFFAOYSA-N,detected
HMDB0061851,alpha-Copaene,CC(C)[C@@H]1CC[C@]2(C)[C@H]3CC=C(C)[C@@H]2[C@@H]13,VLXDPFLIRFYIME-BTFPBAQTSA-N,detected
HMDB0061869,Acetonitrile,CC#N,WEVYAHXRMPXWCK-UHFFFAOYSA-N,detected
HMDB0061892,2-Heptene,[H]\C(C)=C(/[H])CCCC,OTTZHAVKAVGASB-HYXAFXHYSA-N,detected
HMDB0094666,Nonyl cyclopropane,CCCCCCCCCC1CC1,DTLFSMAJSOYMCO-UHFFFAOYSA-N,detected
