index,hmdb_id,metabolite,smiles,n_diseases
0,HMDB0000122,D-Glucose,OC[C@H]1O[C@@H](O)[C@H](O)[C@@H](O)[C@@H]1O,3
1,HMDB0000883,L-Valine,CC(C)[C@H](N)C(O)=O,3
2,HMDB0000112,gamma-Aminobutyric acid,NCCCC(O)=O,2
3,HMDB0000167,L-Threonine,C[C@@H](O)[C@H](N)C(O)=O,2
4,HMDB0000929,L-Tryptophan,N[C@@H](CC1=CNC2=C1C=CC=C2)C(O)=O,2
5,HMDB0001419,24-Hydroxycholesterol,[H][C@@]1(CC[C@@]2([H])[C@]3([H])CC=C4C[C@@H](O)CC[C@]4(C)[C@@]3([H])CC[C@]12C)[C@H](C)CC[C@H](O)C(C)C,2
6,HMDB0000142,Formic acid,OC=O,2
7,HMDB0001875,Methanol,CO,2
8,HMDB0000097,Choline,C[N+](C)(C)CCO,2
9,HMDB0000094,Citric acid,OC(=O)CC(O)(CC(O)=O)C(O)=O,2
10,HMDB0000251,Taurine,NCCS(O)(=O)=O,2
11,HMDB0000157,Hypoxanthine,OC1=NC=NC2=C1NC=N2,2
12,HMDB0000067,Cholesterol,[H][C@@]1(CC[C@@]2([H])[C@]3([H])CC=C4C[C@@H](O)CC[C@]4(C)[C@@]3([H])CC[C@]12C)[C@H](C)CCCC(C)C,2
13,HMDB0000159,L-Phenylalanine,N[C@@H](CC1=CC=CC=C1)C(O)=O,2
14,HMDB0000161,L-Alanine,C[C@H](N)C(O)=O,2
15,HMDB0000162,L-Proline,OC(=O)[C@@H]1CCCN1,2
16,HMDB0000237,Propionic acid,CCC(O)=O,2
17,HMDB0000042,Acetic acid,CC(O)=O,2
18,HMDB0000190,L-Lactic acid,C[C@H](O)C(O)=O,2
19,HMDB0000904,Citrulline,N[C@@H](CCCNC(N)=O)C(O)=O,2
20,HMDB0000687,L-Leucine,CC(C)C[C@H](N)C(O)=O,2
21,HMDB0000039,Butyric acid,CCCC(O)=O,2
22,HMDB0003345,alpha-D-Glucose,OC[C@H]1O[C@H](O)[C@H](O)[C@@H](O)[C@@H]1O,2
23,HMDB0000696,L-Methionine,CSCC[C@H](N)C(O)=O,2
24,HMDB0000714,Hippuric acid,OC(=O)CNC(=O)C1=CC=CC=C1,2
25,HMDB0000845,Neopterin,NC1=NC2=C(N=C(C=N2)C(O)C(O)CO)C(=O)N1,2
26,HMDB0013627,Cervonoyl ethanolamide,CC\C=C/C\C=C/C\C=C/C\C=C/C\C=C/C\C=C/CCC(=O)OCCO,1
27,HMDB0013724,Thallium,Cl[Tl],1
28,HMDB0013639,8-[(Aminomethyl)sulfanyl]-6-sulfanyloctanoic acid,NCSCCC(S)CCCCC(O)=O,1
29,HMDB0013695,Urolithin A,OC1=CC2=C(C=C1)C1=C(C=C(O)C=C1)C(=O)O2,1
30,HMDB0013036,1-Pentanol,CCCCCO,1
31,HMDB0012971,1-Hexanol,CCCCCCO,1
32,HMDB0013811,1-Nitroheptane,CCCCCCC[N+](O)=O,1
33,HMDB0013780,Dimethyl trisulfide,CSSSC,1
34,HMDB0012798,5'-Carboxy-alpha-chromanol,CC(CCC[C@]1(C)CCC2=C(O1)C(C)=C(C)C(O)=C2C)C(O)=O,1
35,HMDB0013785,Furan,O1C=CC=C1,1
36,HMDB0013809,(E)-2-octenal,[H]C(=O)C([H])=C([H])C([H])([H])C([H])([H])C([H])([H])C([H])([H])C([H])([H])[H],1
37,HMDB0000011,3-Hydroxybutyric acid,C[C@@H](O)CC(O)=O,1
38,HMDB0013824,2-Pentylfuran,CCCCCC1=CC=CO1,1
39,HMDB0014389,Mesalazine,NC1=CC(C(O)=O)=C(O)C=C1,1
40,HMDB0030059,Propyl propionate,CCCOC(=O)CC,1
41,HMDB0030058,Ethyl propionate,CCOC(=O)CC,1
42,HMDB0030052,Butyl propionate,CCCCOC(=O)CC,1
43,HMDB0030028,Ethyl isovalerate,CCOC(=O)CC(C)C,1
44,HMDB0029762,Methyl (S)-2-Methylbutanoate,CCC(C)C(=O)OC,1
45,HMDB0029751,Naphthalene,C1=CC2=CC=CC=C2C=C1,1
46,HMDB0029728,2-Ethyl-5-methylfuran,CCC1=CC=C(C)O1,1
47,HMDB0029641,"p-Mentha-1,3,5,8-tetraene",CC(=C)C1=CC=C(C)C=C1,1
48,HMDB0029638,4-Methylbenzaldehyde,CC1=CC=C(C=O)C=C1,1
49,HMDB0029603,Pentane,CCCCC,1
50,HMDB0029600,Hexane,CCCCCC,1
51,HMDB0029597,Cyclohexane,C1CCCCC1,1
52,HMDB0029596,Chloroform,ClC(Cl)Cl,1
53,HMDB0029595,Nonane,CCCCCCCCC,1
54,HMDB0029167,2-Methyladipic acid,CC(CCCC(O)=O)C(O)=O,1
55,HMDB0029147,N-gamma-Glutamylglutamine,N[C@@H](CCC(=O)NC(=O)CC[C@H](N)C(O)=O)C(O)=O,1
56,HMDB0029106,Tyrosylhydroxyproline,N[C@@H](CC1=CC=C(O)C=C1)C(=O)N1C[C@H](O)C[C@H]1C(O)=O,1
57,HMDB0028805,Glutaminylproline,N[C@@H](CCC(N)=O)C(=O)N1CCC[C@H]1C(O)=O,1
58,HMDB0028757,Aspartyl-Leucine,CC(C)CC(NC(=O)C(N)CC(O)=O)C(O)=O,1
59,HMDB0028732,Asparaginylhydroxyproline,N[C@@H](CC(N)=O)C(=O)N1C[C@H](O)C[C@H]1C(O)=O,1
60,HMDB0014447,Tranexamic Acid,NC[C@H]1CC[C@@H](CC1)C(O)=O,1
61,HMDB0012275,Phenylethylamine,NCCC1=CC=CC=C1,1
62,HMDB0011478,"LysoPE(0:0/18:3(6Z,9Z,12Z))",[H][C@@](CO)(COP(O)(=O)OCCN)OC(=O)CCCC\C=C/C\C=C/C\C=C/CCCCC,1
63,HMDB0012166,4alpha-Carboxy-5alpha-cholesta-8-en-3beta-ol,CC(C)CCCC(C)C1CCC2C3=C(CC[C@]12C)[C@@]1(C)CC[C@H](O)[C@H](C1CC3)C(O)=O,1
64,HMDB0004160,Urobilin,[H]C(C1=C(CCC(O)=O)C(C)=C(CC2NC(=O)C(C)=C2CC)N1)=C1N=C(CC2NC(=O)C(CC)=C2C)C(C)=C1CCC(O)=O,1
65,HMDB0006115,Benzaldehyde,O=CC1=CC=CC=C1,1
66,HMDB0006112,Malondialdehyde,O=CCC=O,1
67,HMDB0006007,Isopentanol,CC(C)CCO,1
68,HMDB0006006,Isobutanol,CC(C)CO,1
69,HMDB0005994,Hexanal,CCCCCC=O,1
70,HMDB0005879,Dimethyldisulfide,CSSC,1
71,HMDB0005842,2-Oxohexane,CCCCC(C)=O,1
72,HMDB0004327,1-Butanol,CCCCO,1
73,HMDB0004259,Acetyl-N-formyl-5-methoxykynurenamine,COC1=CC(C(=O)CCNC(C)=O)=C(NC=O)C=C1,1
74,HMDB0004158,Urobilinogen,CCC1=C(C)C(=O)NC1CC1=C(C)C(CCC(O)=O)=C(CC2=C(CCC(O)=O)C(C)=C(CC3NC(=O)C(C=C)=C3C)N2)N1,1
75,HMDB0011749,2-Piperidinone,O=C1CCCCN1,1
76,HMDB0003993,alpha-Carotene,C\C(\C=C\C=C(/C)\C=C\[C@H]1C(C)=CCCC1(C)C)=C/C=C/C=C(\C)/C=C/C=C(\C)/C=C/C1=C(C)CCCC1(C)C,1
77,HMDB0003990,"3b,5a,6b-Cholestanetriol",[H][C@@]12CC[C@H]([C@H](C)CCCC(C)C)[C@@]1(C)CC[C@@]1([H])[C@@]2([H])C[C@@H](O)[C@@]2(O)C[C@@H](O)CC[C@]12C,1
78,HMDB0003671,2-Heptanone,CCCCCC(C)=O,1
79,HMDB0003625,Mercury,[Hg++],1
80,HMDB0003543,Butanal,CCCC=O,1
81,HMDB0003424,1-Hexadecanol,CCCCCCCCCCCCCCCCO,1
82,HMDB0003407,Diacetyl,CC(=O)C(C)=O,1
83,HMDB0003375,(+)-Limonene,CC(=C)[C@@H]1CCC(C)=CC1,1
84,HMDB0003366,Propanal,CCC=O,1
85,HMDB0006119,7beta-Hydroxycholesterol,[H][C@@]1(CC[C@@]2([H])[C@]3([H])[C@@H](O)C=C4C[C@@H](O)CC[C@]4(C)[C@@]3([H])CC[C@]12C)[C@H](C)CCCC(C)C,1
86,HMDB0006225,Ercalcitriol,C[C@H](\C=C\[C@H](C)C(O)(C)C)[C@@]1([H])CC[C@@]2([H])\C(CCC[C@]12C)=C\C=C1\C[C@@H](O)C[C@H](O)C1=C,1
87,HMDB0006236,Phenylacetaldehyde,O=CCC1=CC=CC=C1,1
88,HMDB0006478,Isovaleraldehyde,CC(C)CC=O,1
89,HMDB0011738,N2-gamma-Glutamylglutamine,N[C@@H](CCC(=O)N[C@@H](CCC(N)=O)C(O)=O)C(O)=O,1
90,HMDB0011635,p-Cresol sulfate,CC1=CC=C(OS(O)(=O)=O)C=C1,1
91,HMDB0011503,LysoPE(16:0/0:0),[H][C@@](O)(COC(=O)CCCCCCCCCCCCCCC)COP(O)(=O)OCCN,1
92,HMDB0011502,LysoPE(15:0/0:0),[H][C@@](O)(COC(=O)CCCCCCCCCCCCCC)COP(O)(=O)OCCN,1
93,HMDB0011500,LysoPE(14:0/0:0),[H][C@@](O)(COC(=O)CCCCCCCCCCCCC)COP(O)(=O)OCCN,1
94,HMDB0031019,2-Dodecanone,CCCCCCCCCCC(C)=O,1
95,HMDB0011469,2-Butanol,CCC(C)O,1
96,HMDB0011154,LysoPA(P-16:0/0:0),CCCCCCCCCCCCCC\C=C/OC[C@](O)([H])COP(=O)(O)O,1
97,HMDB0011144,LysoPA(O-18:0/0:0),CCCCCCCCCCCCCCCCCCOCC(O)COP(O)(O)=O,1
98,HMDB0011134,5-HETE,CCCCC\C=C/C\C=C/C\C=C/C=C/[C@@H](O)CCCC(O)=O,1
99,HMDB0010730,3-Oxotetradecanoic acid,CCCCCCCCCCCC(=O)CC(O)=O,1
100,HMDB0010576,"PG(16:0/18:3(6Z,9Z,12Z))",[H][C@](O)(CO)COP(O)(=O)OC[C@@]([H])(COC(=O)CCCCCCCCCCCCCCC)OC(=O)CCCC\C=C/C\C=C/C\C=C/CCCCC,1
101,HMDB0010340,Retinyl beta-glucuronide,O[C@@H]1[C@@H](O)[C@H](OC\C=C(\C)/C=C/C=C(/C)\C=C\C2=C(C)CCCC2(C)C)O[C@H](C(O)=O)[C@H]1O,1
102,HMDB0008591,"PC(22:2(13Z,16Z)/14:1(9Z))",CCCCC\C=C/C\C=C/CCCCCCCCCCCC(=O)OC[C@]([H])(COP([O-])(=O)OCC[N+](C)(C)C)OC(=O)CCCCCCC\C=C/CCCC,1
103,HMDB0007856,"LysoPA(18:2(9Z,12Z)/0:0)",CCCCC\C=C/C\C=C/CCCCCCCC(=O)OCC(O)COP(O)(O)=O,1
104,HMDB0007175,"DG(18:0/22:2(13Z,16Z)/0:0)",[H][C@](CO)(COC(=O)CCCCCCCCCCCCCCCCC)OC(=O)CCCCCCCCCCC\C=C/C\C=C/CCCCC,1
105,HMDB0007103,"DG(16:0/18:2(9Z,12Z)/0:0)",[H][C@](CO)(COC(=O)CCCCCCCCCCCCCCC)OC(=O)CCCCCCC\C=C/C\C=C/CCCCC,1
106,HMDB0007079,DG(15:0/20:1(11Z)/0:0),[H][C@](CO)(COC(=O)CCCCCCCCCCCCCC)OC(=O)CCCCCCCCC\C=C/CCCCCCCC,1
107,HMDB0006483,D-Aspartic acid,N[C@H](CC(O)=O)C(O)=O,1
108,HMDB0030062,Methyl propionate,CCC(=O)OC,1
109,HMDB0031294,2-Octanone,CCCCCCC(C)=O,1
110,HMDB0031206,Pentanal,CCCCC=O,1
111,HMDB0036209,Propyl 2-methylpropanoate,CCCOC(=O)C(C)C,1
112,HMDB0039095,Pentyl acetate,CCCCCOC(C)=O,1
113,HMDB0037051,1-Isopropyl-3-methylbenzene,CC(C)C1=CC=CC(C)=C1,1
114,HMDB0037050,1-Isopropyl-2-methylbenzene,CC(C)C1=CC=CC=C1C,1
115,HMDB0037020,p-Menthan-1-ol,CC(C)C1CCC(C)(O)CC1,1
116,HMDB0036994,Terpinolene,CC(C)=C1CCC(C)=CC1,1
117,HMDB0036792,beta-Caryophyllene,[H][C@]12CC(C)(C)[C@]1([H])CC\C(C)=C\CCC2=C,1
118,HMDB0036574,Carbon disulfide,S=C=S,1
119,HMDB0036467,alpha-Humulene,C\C1=C/CC(C)(C)\C=C\C\C(C)=C\CC1,1
120,HMDB0036413,alpha-Cubebene,[H][C@]12[C@@H](CC[C@@H](C)[C@]11CC=C(C)[C@]21[H])C(C)C,1
121,HMDB0036100,"3,7-Dimethyl-1,6-octadien-3-ol",CC(C)=CCCC(C)(O)C=C,1
122,HMDB0031207,Methyl pentanoate,CCCCC(=O)OC,1
123,HMDB0036081,beta-Phellandrene,CC(C)C1CCC(=C)C=C1,1
124,HMDB0035924,Pyrrole,N1C=CC=C1,1
125,HMDB0035915,Sulcatone,CC(C)=CCCC(C)=O,1
126,HMDB0035850,alpha-Phellandrene,CC(C)C1CC=C(C)C=C1,1
127,HMDB0035765,p-Menthan-3-ol,CC(C)C1CCC(C)CC1O,1
128,HMDB0035619,alpha-Carene,CC1=CCC2C(C1)C2(C)C,1
129,HMDB0035289,"2,5-Dimethylpyrazine",CC1=CN=C(C)C=N1,1
130,HMDB0035238,Methyl hexanoate,CCCCCC(=O)OC,1
131,HMDB0035226,2-Acetyl-5-methylfuran,CC(=O)C1=CC=C(C)O1,1
132,HMDB0039618,Propyl butyrate,CCCOC(=O)CCC,1
133,HMDB0039620,Butyl butyrate,CCCCOC(=O)CCC,1
134,HMDB0039843,S-Methyl 3-methylthiobutyrate,CSC(=O)CC(C)C,1
135,HMDB0040272,2-Butylfuran,CCCCC1=CC=CO1,1
136,HMDB0061892,2-Heptene,[H]\C(C)=C(/[H])CCCC,1
137,HMDB0061869,Acetonitrile,CC#N,1
138,HMDB0061851,alpha-Copaene,CC(C)[C@@H]1CC[C@]2(C)[C@H]3CC=C(C)[C@@H]2[C@@H]13,1
139,HMDB0060602,N-acetyl-5-aminosalicylic acid,CC(=O)NC1=CC=C(O)C(=C1)C(O)=O,1
140,HMDB0059924,p-Xylene,CC1=CC=C(C)C=C1,1
141,HMDB0059907,Tetradecane,CCCCCCCCCCCCCC,1
142,HMDB0059905,Ethylbenzene,CCC1=CC=CC=C1,1
143,HMDB0059901,Hemimellitene,CC1=CC=CC(C)=C1C,1
144,HMDB0059899,alpha-Methylstyrene,CC(=C)C1=CC=CC=C1,1
145,HMDB0059851,o-Xylene,CC1=CC=CC=C1C,1
146,HMDB0059848,m-Ethyl_toluene,[H]C1=C([H])C(=C([H])C(=C1[H])C([H])([H])C([H])([H])[H])C([H])([H])[H],1
147,HMDB0059835,Nonanal,CCCCCCCCC=O,1
148,HMDB0059810,m-Xylene,CC1=CC(C)=CC=C1,1
149,HMDB0059773,S-3-oxodecanoyl cysteamine,CCCCCCCC(=O)CC(=O)SCCN,1
150,HMDB0059732,2-(2-Phenylacetoxy)propionylglycine,CCC(=O)NC(OC(=O)CC1=CC=CC=C1)C(O)=O,1
151,HMDB0041971,P-Dichlorobenzene,ClC1=CC=C(Cl)C=C1,1
152,HMDB0041389,Methyl 2-propenyl disulfide,CSSCC=C,1
153,HMDB0040726,(±)-cis-Linalyl oxide,CC(C)(O)[C@H]1CC[C@](C)(O1)C=C,1
154,HMDB0040297,Ethyl pentanoate,CCCCC(=O)OCC,1
155,HMDB0034240,Styrene,C=CC1=CC=CC=C1,1
156,HMDB0034235,2-Pentanone,CCCC(C)=O,1
157,HMDB0034233,2-Butenal,C\C=C\C=O,1
158,HMDB0031549,5-Methyl-2-hexanone,CC(C)CCC(C)=O,1
159,HMDB0031528,Isopentyl acetate,CC(C)CCOC(C)=O,1
160,HMDB0031526,(±)-2-Methylbutanal,CCC(C)C=O,1
161,HMDB0031525,(S)-2-Methylbutanal,CC[C@H](C)C=O,1
162,HMDB0031523,Methyl acetate,COC(C)=O,1
163,HMDB0031491,"2,3-Hexanedione",CCCC(=O)C(C)=O,1
164,HMDB0031482,3-Heptanone,CCCCC(=O)CC,1
165,HMDB0031475,Heptanal,CCCCCCC=O,1
166,HMDB0031450,N-Decane,CCCCCCCCCC,1
167,HMDB0031445,Undecane,CCCCCCCCCCC,1
168,HMDB0031409,2-Decanone,CCCCCCCCC(C)=O,1
169,HMDB0031343,Methyl cyclohexanecarboxylate,COC(=O)C1CCCCC1,1
170,HMDB0031317,Bis(methylthio)methane,CSCSC,1
171,HMDB0031299,(R)-1-Octen-3-ol,CCCCCC(O)C=C,1
172,HMDB0031266,2-Nonanone,CCCCCCCC(C)=O,1
173,HMDB0031265,1-Nonanol,CCCCCCCCCO,1
174,HMDB0031243,2-Methylpropanal,CC(C)C=O,1
175,HMDB0031231,xi-2-Ethyl-1-hexanol,CCCCC(CC)CO,1
176,HMDB0031230,2-Ethylhexanoic acid,CCCCC(CC)C(O)=O,1
177,HMDB0031217,Ethyl acetate,CCOC(C)=O,1
178,HMDB0031548,Dichloromethane,ClCCl,1
179,HMDB0031582,"6-Methyl-3,5-heptadien-2-one",CC(C)=C\C=C/C(C)=O,1
180,HMDB0034220,Levoinositol,O[C@H]1[C@H](O)[C@@H](O)[C@H](O)[C@H](O)[C@H]1O,1
181,HMDB0031598,"2,3-Pentanedione",CCC(=O)C(C)=O,1
182,HMDB0034168,Toluene,CC1=CC=CC=C1,1
183,HMDB0033944,2-Phenylethanol,OCCC1=CC=CC=C1,1
184,HMDB0033910,Acetophenone,CC(=O)C1=CC=CC=C1,1
185,HMDB0033890,Methyl butyrate,CCCC(=O)OC,1
186,HMDB0033889,Ethyl butyrate,CCCC(=O)OCC,1
187,HMDB0033844,beta-Cryptoxanthin,C\C(\C=C\C=C(/C)\C=C\C1=C(C)CCCC1(C)C)=C/C=C/C=C(\C)/C=C/C=C(\C)/C=C/C1=C(C)C[C@@H](O)CC1(C)C,1
188,HMDB0033713,2-Undecanone,CCCCCCCCCC(C)=O,1
189,HMDB0033620,Hexyl butyrate,CCCCCCOC(=O)CCC,1
190,HMDB0033547,3-Octen-2-one,CCCC\C=C\C(C)=O,1
191,HMDB0033182,"2,5-Dimethylfuran",CC1=CC=C(C)O1,1
192,HMDB0033167,Ethyl cyclohexanecarboxylate,CCOC(=O)C1CCCCC1,1
193,HMDB0033119,3-Methylthiophene,CC1=CSC=C1,1
194,HMDB0033002,5-Methyl-2-furancarboxaldehyde,CC1=CC=C(O1)C=O,1
195,HMDB0032980,"3,4-Dimethylthiophene",CC1=CSC=C1C,1
196,HMDB0032972,"2,6-Dimethylpyridine",CC1=CC=CC(C)=N1,1
197,HMDB0032914,2-Furancarboxaldehyde,O=CC1=CC=CO1,1
198,HMDB0032619,1-Phenylethanol,CC(O)C1=CC=CC=C1,1
199,HMDB0032076,1-Methoxy-4-methylbenzene,COC1=CC=C(C)C=C1,1
200,HMDB0031872,Methyl propyl disulfide,CCCSSC,1
201,HMDB0003355,5-Aminopentanoic acid,NCCCCC(O)=O,1
202,HMDB0002789,Zeaxanthin,C\C(\C=C\C=C(/C)\C=C\C1=C(C)C[C@@H](O)CC1(C)C)=C/C=C/C=C(\C)/C=C/C=C(\C)/C=C/C1=C(C)C[C@@H](O)CC1(C)C,1
203,HMDB0003339,D-Glutamic acid,N[C@H](CCC(O)=O)C(O)=O,1
204,HMDB0003337,Oxidized glutathione,N[C@@H](CCC(=O)N[C@@H](CSSC[C@H](NC(=O)CC[C@H](N)C(O)=O)C(=O)NCC(O)=O)C(=O)NCC(O)=O)C(O)=O,1
205,HMDB0000289,Uric acid,O=C1NC2=C(N1)C(=O)NC(=O)N2,1
206,HMDB0000286,Uridine diphosphate glucose,OC[C@H]1O[C@H](OP(O)(=O)OP(O)(=O)OC[C@H]2O[C@H]([C@H](O)[C@@H]2O)N2C=CC(=O)NC2=O)[C@H](O)[C@@H](O)[C@@H]1O,1
207,HMDB0000267,Pyroglutamic acid,OC(=O)[C@@H]1CCC(=O)N1,1
208,HMDB0000258,Sucrose,OC[C@H]1O[C@@](CO)(O[C@H]2O[C@H](CO)[C@@H](O)[C@H](O)[C@H]2O)[C@@H](O)[C@@H]1O,1
209,HMDB0000254,Succinic acid,OC(=O)CCC(O)=O,1
210,HMDB0000247,Sorbitol,OC[C@H](O)[C@@H](O)[C@H](O)[C@H](O)CO,1
211,HMDB0000243,Pyruvic acid,CC(=O)C(O)=O,1
212,HMDB0000239,Pyridoxine,CC1=C(O)C(CO)=C(CO)C=N1,1
213,HMDB0000230,N-Acetylneuraminic acid,[H][C@]1(O[C@@](O)(C[C@H](O)[C@H]1NC(C)=O)C(O)=O)[C@H](O)[C@H](O)CO,1
214,HMDB0000228,Phenol,OC1=CC=CC=C1,1
215,HMDB0000226,Orotic acid,OC(=O)C1=CC(=O)NC(=O)N1,1
216,HMDB0000224,O-Phosphoethanolamine,NCCOP(O)(O)=O,1
217,HMDB0000220,Palmitic acid,CCCCCCCCCCCCCCCC(O)=O,1
218,HMDB0000214,Ornithine,NCCC[C@H](N)C(O)=O,1
219,HMDB0000210,Pantothenic acid,CC(C)(CO)[C@@H](O)C(=O)NCCC(O)=O,1
220,HMDB0000209,Phenylacetic acid,OC(=O)CC1=CC=CC=C1,1
221,HMDB0000201,L-Acetylcarnitine,CC(=O)O[C@H](CC(O)=O)C[N+](C)(C)C,1
222,HMDB0000195,Inosine,OC[C@H]1O[C@H]([C@H](O)[C@@H]1O)N1C=NC2=C(O)N=CN=C12,1
223,HMDB0000191,L-Aspartic acid,N[C@@H](CC(O)=O)C(O)=O,1
224,HMDB0000292,Xanthine,O=C1NC2=C(NC=N2)C(=O)N1,1
225,HMDB0000296,Uridine,OC[C@H]1O[C@H]([C@H](O)[C@@H]1O)N1C=CC(=O)NC1=O,1
226,HMDB0000299,Xanthosine,OC[C@H]1O[C@H]([C@H](O)[C@@H]1O)N1C=NC2=C1N=C(O)N=C2O,1
227,HMDB0000477,"7Z,10Z-Hexadecadienoic acid",CCCCC\C=C/C\C=C/CCCCCC(O)=O,1
228,HMDB0000555,3-Methyladipic acid,C[C@@H](CCC(O)=O)CC(O)=O,1
229,HMDB0000535,Caproic acid,CCCCCC(O)=O,1
230,HMDB0000520,"5a-Cholestane-3a,7a,12a,25-tetrol",[H][C@@]12CCC([C@H](C)CCCC(C)(C)O)[C@@]1(C)[C@@H](O)C[C@@]1([H])[C@@]2([H])[C@H](O)C[C@@]2([H])C[C@H](O)CC[C@]12C,1
231,HMDB0000517,L-Arginine,N[C@@H](CCCNC(N)=N)C(O)=O,1
232,HMDB0000510,Aminoadipic acid,N[C@@H](CCCC(O)=O)C(O)=O,1
233,HMDB0000501,7-Ketocholesterol,[H][C@@]12CCC([C@H](C)CCCC(C)C)[C@@]1(C)CC[C@@]1([H])[C@@]2([H])C(=O)C=C2CC(O)CC[C@]12C,1
234,HMDB0000483,"5b-Cholestane-3a,7a,12a,23S,25-pentol",[H]C1CC([C@@H](C)C[C@H](O)CC(C)(C)O)[C@]2(C)C1[C@]1([H])[C@H](O)C[C@]3([H])C[C@H](O)CC[C@]3(C)[C@@]1([H])C[C@@H]2O,1
235,HMDB0000482,Caprylic acid,CCCCCCCC(O)=O,1
236,HMDB0000474,Butanone,CCC(C)=O,1
237,HMDB0000300,Uracil,O=C1NC=CC(=O)N1,1
238,HMDB0000472,5-Hydroxy-L-tryptophan,N[C@@H](CC1=CNC2=C1C=C(O)C=C2)C(O)=O,1
239,HMDB0000466,3-Methylindole,CC1=CNC2=C1C=CC=C2,1
240,HMDB0000462,Allantoin,NC(=O)NC1NC(=O)NC1=O,1
241,HMDB0000379,2-Methylcitric acid,CC(C(O)=O)C(O)(CC(O)=O)C(O)=O,1
242,HMDB0000374,17-Hydroxyprogesterone,[H][C@@]12CC[C@](O)(C(C)=O)[C@@]1(C)CC[C@@]1([H])[C@@]2([H])CCC2=CC(=O)CC[C@]12C,1
243,HMDB0000359,"3alpha,7alpha-Dihydroxycoprostanic acid",[H][C@@]1(CC[C@@]2([H])[C@]3([H])[C@H](O)C[C@]4([H])C[C@H](O)CC[C@]4(C)[C@@]3([H])CC[C@]12C)[C@H](C)CCCC(C)C(O)=O,1
244,HMDB0000317,2-Hydroxy-3-methylpentanoic acid,CC[C@@H](C)[C@@H](O)C(O)=O,1
245,HMDB0000306,Tyramine,NCCC1=CC=C(O)C=C1,1
246,HMDB0000187,L-Serine,N[C@@H](CO)C(O)=O,1
247,HMDB0000182,L-Lysine,NCCCC[C@H](N)C(O)=O,1
248,HMDB0000177,L-Histidine,N[C@@H](CC1=CN=CN1)C(O)=O,1
249,HMDB0000050,Adenosine,NC1=C2N=CN([C@@H]3O[C@H](CO)[C@@H](O)[C@H]3O)C2=NC=N1,1
250,HMDB0000077,Dehydroepiandrosterone,[H][C@@]12CCC(=O)[C@@]1(C)CC[C@@]1([H])[C@@]2([H])CC=C2C[C@@H](O)CC[C@]12C,1
251,HMDB0000064,Creatine,CN(CC(O)=O)C(N)=N,1
252,HMDB0000063,Cortisol,[H][C@@]12CC[C@](O)(C(=O)CO)[C@@]1(C)C[C@H](O)[C@@]1([H])[C@@]2([H])CCC2=CC(=O)CC[C@]12C,1
253,HMDB0000060,Acetoacetic acid,CC(=O)CC(O)=O,1
254,HMDB0000058,Cyclic AMP,[H][C@@]12COP(O)(=O)O[C@@]1([H])[C@@H](O)[C@@H](O2)N1C=NC2=C1N=CN=C2N,1
255,HMDB0000056,beta-Alanine,NCCC(O)=O,1
256,HMDB0000054,Bilirubin,CC1=C(C=C)\C(NC1=O)=C\C1=C(C)C(CCC(O)=O)=C(CC2=C(CCC(O)=O)C(C)=C(N2)\C=C2/NC(=O)C(C=C)=C2C)N1,1
257,HMDB0000053,Androstenedione,[H][C@@]12CCC(=O)[C@@]1(C)CC[C@@]1([H])[C@@]2([H])CCC2=CC(=O)CC[C@]12C,1
258,HMDB0000045,Adenosine monophosphate,NC1=C2N=CN([C@@H]3O[C@H](COP(O)(O)=O)[C@@H](O)[C@H]3O)C2=NC=N1,1
259,HMDB0000089,Cytidine,NC1=NC(=O)N(C=C1)[C@@H]1O[C@H](CO)[C@@H](O)[C@H]1O,1
260,HMDB0000043,Betaine,C[N+](C)(C)CC(O)=O,1
261,HMDB0000036,Taurocholic acid,[H][C@@]1(CC[C@@]2([H])[C@]3([H])[C@H](O)C[C@]4([H])C[C@H](O)CC[C@]4(C)[C@@]3([H])C[C@H](O)[C@]12C)[C@H](C)CCC(=O)NCCS(O)(=O)=O,1
262,HMDB0000034,Adenine,NC1=C2NC=NC2=NC=N1,1
263,HMDB0000033,Carnosine,NCCC(=O)N[C@@H](CC1=CN=CN1)C(O)=O,1
264,HMDB0000030,Biotin,[H][C@]12CS[C@@H](CCCCC(O)=O)[C@@]1([H])NC(=O)N2,1
265,HMDB0000020,p-Hydroxyphenylacetic acid,OC(=O)CC1=CC=C(O)C=C1,1
266,HMDB0000017,4-Pyridoxic acid,CC1=NC=C(CO)C(C(O)=O)=C1O,1
267,HMDB0000014,Deoxycytidine,NC1=NC(=O)N(C=C1)[C@H]1C[C@H](O)[C@@H](CO)O1,1
268,HMDB0000087,Dimethylamine,CNC,1
269,HMDB0000092,Dimethylglycine,CN(C)CC(O)=O,1
270,HMDB0000175,Inosinic acid,O[C@@H]1[C@@H](COP(O)(O)=O)O[C@H]([C@@H]1O)N1C=NC2=C1N=CNC2=O,1
271,HMDB0000134,Fumaric acid,OC(=O)\C=C\C(O)=O,1
272,HMDB0000172,L-Isoleucine,CC[C@H](C)[C@H](N)C(O)=O,1
273,HMDB0000168,L-Asparagine,N[C@@H](CC(N)=O)C(O)=O,1
274,HMDB0000164,Methylamine,CN,1
275,HMDB0000158,L-Tyrosine,N[C@@H](CC1=CC=C(O)C=C1)C(O)=O,1
276,HMDB0000149,Ethanolamine,NCCO,1
277,HMDB0000148,L-Glutamic acid,N[C@@H](CCC(O)=O)C(O)=O,1
278,HMDB0000139,Glyceric acid,OC[C@@H](O)C(O)=O,1
279,HMDB0000138,Glycocholic acid,C[C@H](CCC(O)=NCC(O)=O)[C@H]1CC[C@H]2[C@@H]3[C@H](O)C[C@@H]4C[C@H](O)CC[C@]4(C)[C@H]3C[C@H](O)[C@]12C,1
280,HMDB0000133,Guanosine,NC1=NC2=C(N=CN2[C@@H]2O[C@H](CO)[C@@H](O)[C@H]2O)C(=O)N1,1
281,HMDB0000098,D-Xylose,O[C@@H]1COC(O)[C@H](O)[C@H]1O,1
282,HMDB0000131,Glycerol,OCC(O)CO,1
283,HMDB0000130,Homogentisic acid,OC(=O)CC1=C(O)C=CC(O)=C1,1
284,HMDB0000128,Guanidoacetic acid,NC(=N)NCC(O)=O,1
285,HMDB0000125,Glutathione,N[C@@H](CCC(=O)N[C@@H](CS)C(=O)NCC(O)=O)C(O)=O,1
286,HMDB0000123,Glycine,NCC(O)=O,1
287,HMDB0000121,Folic acid,NC1=NC(=O)C2=NC(CNC3=CC=C(C=C3)C(=O)N[C@@H](CCC(O)=O)C(O)=O)=CN=C2N1,1
288,HMDB0000108,Ethanol,CCO,1
289,HMDB0000099,L-Cystathionine,N[C@@H](CCSC[C@H](N)C(O)=O)C(O)=O,1
290,HMDB0000561,beta-Carotene,C\C(\C=C\C=C(/C)\C=C\C1=C(C)CCCC1(C)C)=C/C=C/C=C(\C)/C=C/C=C(\C)/C=C/C1=C(C)CCCC1(C)C,1
291,HMDB0000562,Creatinine,CN1CC(=O)NC1=N,1
292,HMDB0000574,L-Cysteine,N[C@@H](CS)C(O)=O,1
293,HMDB0001453,Thiocyanate,[S-]C#N,1
294,HMDB0001857,"1,3-Dimethyluric acid",CN1C2=C(NC(=O)N2)C(=O)N(C)C1=O,1
295,HMDB0001844,Methylsuccinic acid,C[C@@H](CC(O)=O)C(O)=O,1
296,HMDB0001659,Acetone,CC(C)=O,1
297,HMDB0001548,D-Ribose 5-phosphate,O[C@H]1O[C@H](COP(O)(O)=O)[C@@H](O)[C@H]1O,1
298,HMDB0001496,7alpha-Hydroxycholesterol,[H][C@@]1(CC[C@@]2([H])[C@]3([H])[C@H](O)C=C4C[C@@H](O)CC[C@]4(C)[C@@]3([H])CC[C@]12C)[C@H](C)CCCC(C)C,1
299,HMDB0001491,Pyridoxal 5'-phosphate,CC1=NC=C(COP(O)(O)=O)C(C=O)=C1O,1
300,HMDB0001488,Nicotinic acid,OC(=O)C1=CN=CC=C1,1
301,HMDB0001485,Octane,CCCCCCCC,1
302,HMDB0001414,Putrescine,NCCCCN,1
303,HMDB0001873,Isobutyric acid,CC(C)C(O)=O,1
304,HMDB0001406,Niacinamide,NC(=O)C1=CC=CN=C1,1
305,HMDB0001257,Spermidine,NCCCCNCCCN,1
306,HMDB0001184,Methyl propenyl ketone,C\C=C\C(C)=O,1
307,HMDB0001183,Octanol,CCCCCCCCO,1
308,HMDB0001140,Octanal,CCCCCCCC=O,1
309,HMDB0001051,Glyceraldehyde,OCC(O)C=O,1
310,HMDB0001049,gamma-Glutamylcysteine,N[C@@H](CCC(=O)N[C@@H](CS)C(O)=O)C(O)=O,1
311,HMDB0001035,Angiotensin II,CC[C@H](C)[C@H](NC(=O)[C@H](CC1=CC=C(O)C=C1)NC(=O)[C@@H](NC(=O)[C@H](CCCN=C(N)N)NC(=O)[C@@H](N)CC(O)=O)C(C)C)C(=O)N[C@@H](CC1=CN=CN1)C(=O)N1CCC[C@H]1C(=O)N[C@@H](CC1=CC=CC=C1)C(O)=O,1
312,HMDB0001858,p-Cresol,CC1=CC=C(O)C=C1,1
313,HMDB0001906,2-Aminoisobutyric acid,CC(C)(N)C(O)=O,1
314,HMDB0000990,Acetaldehyde,CC=O,1
315,HMDB0002886,6-Keto-prostaglandin F1a,CCCCC[C@H](O)\C=C\[C@H]1[C@H](O)C[C@H](O)[C@@H]1CC(=O)CCCCC(O)=O,1
316,HMDB0003334,Symmetric dimethylarginine,CN\C(NCCC[C@H](N)C(O)=O)=N/C,1
317,HMDB0003315,Cyclohexanone,O=C1CCCCC1,1
318,HMDB0003243,Acetoin,CC(O)C(C)=O,1
319,HMDB0003233,Lutein,C\C(\C=C\C=C(/C)\C=C\[C@H]1C(C)=C[C@H](O)CC1(C)C)=C/C=C/C=C(\C)/C=C/C=C(\C)/C=C/C1=C(C)C[C@@H](O)CC1(C)C,1
320,HMDB0003227,Methanethiol,CS,1
321,HMDB0003119,Benzyl alcohol,OCC1=CC=CC=C1,1
322,HMDB0003000,Lycopene,CC(C)=CCC\C(C)=C\C=C\C(\C)=C\C=C\C(\C)=C\C=C\C=C(/C)\C=C\C=C(/C)\C=C\C=C(/C)CCC=C(C)C,1
323,HMDB0002939,Methyl isobutyl ketone,CC(C)CC(C)=O,1
324,HMDB0002802,Cortisone,[H][C@@]12CC[C@](O)(C(=O)CO)[C@@]1(C)CC(=O)[C@@]1([H])[C@@]2([H])CCC2=CC(=O)CC[C@]12C,1
325,HMDB0001993,7a-Hydroxy-cholestene-3-one,[H][C@@]1(CC[C@@]2([H])[C@]3([H])[C@H](O)CC4=CC(=O)CC[C@]4(C)[C@@]3([H])CC[C@]12C)[C@H](C)CCCC(C)C,1
326,HMDB0000012,Deoxyuridine,OC[C@H]1O[C@H](C[C@@H]1O)N1C=CC(=O)NC1=O,1
327,HMDB0002322,Cadaverine,NCCCCCN,1
328,HMDB0002303,Dimethylsulfide,CSC,1
329,HMDB0002199,Desaminotyrosine,OC(=O)CCC1=CC=C(O)C=C1,1
330,HMDB0002179,Peroxynitrite,OON=O,1
331,HMDB0002176,Ethylmethylacetic acid,CCC(C)C(O)=O,1
332,HMDB0002103,27-Hydroxycholesterol,[H][C@@]1(CC[C@@]2([H])[C@]3([H])CC=C4C[C@@H](O)CC[C@]4(C)[C@@]3([H])CC[C@]12C)[C@H](C)CCC[C@@H](C)CO,1
333,HMDB0002012,Ubiquinone-1,COC1=C(OC)C(=O)C(CC=C(C)C)=C(C)C1=O,1
334,HMDB0001032,Dehydroepiandrosterone sulfate,[H][C@@]12CCC(=O)[C@@]1(C)CC[C@@]1([H])[C@@]2([H])CC=C2C[C@H](CC[C@]12C)OS(O)(=O)=O,1
335,HMDB0000982,5-Methylcytidine,CC1=CN([C@@H]2O[C@H](CO)[C@@H](O)[C@H]2O)C(=O)N=C1N,1
336,HMDB0000577,5beta-Coprostanol,[H][C@@]1(CC[C@@]2([H])[C@]3([H])CC[C@]4([H])C[C@@H](O)CC[C@]4(C)[C@@]3([H])CC[C@]12C)[C@H](C)CCCC(C)C,1
337,HMDB0000684,L-Kynurenine,N[C@@H](CC(=O)C1=CC=CC=C1N)C(O)=O,1
338,HMDB0000742,Homocysteine,N[C@@H](CCS)C(O)=O,1
339,HMDB0000738,Indole,N1C=CC2=C1C=CC=C2,1
340,HMDB0000725,4-Hydroxyproline,O[C@H]1CN[C@@H](C1)C(O)=O,1
341,HMDB0000719,L-Homoserine,N[C@@H](CCO)C(O)=O,1
342,HMDB0000718,Isovaleric acid,CC(C)CC(O)=O,1
343,HMDB0000715,Kynurenic acid,OC(=O)C1=CC(=O)C2=CC=CC=C2N1,1
344,HMDB0000695,Ketoleucine,CC(C)CC(=O)C(O)=O,1
345,HMDB0000689,Isocaproic acid,CC(C)CCC(O)=O,1
346,HMDB0000673,Linoleic acid,CCCCC\C=C/C\C=C/CCCCCCCC(O)=O,1
347,HMDB0000756,Hexanoylcarnitine,CCCCCC(=O)O[C@H](CC(O)=O)C[N+](C)(C)C,1
348,HMDB0000666,Heptanoic acid,CCCCCCC(O)=O,1
349,HMDB0000661,Glutaric acid,OC(=O)CCCC(O)=O,1
350,HMDB0000651,Decanoylcarnitine,CCCCCCCCCC(=O)O[C@H](CC([O-])=O)C[N+](C)(C)C,1
351,HMDB0000641,L-Glutamine,N[C@@H](CCC(N)=O)C(O)=O,1
352,HMDB0000630,Cytosine,NC1=CC=NC(=O)N1,1
353,HMDB0000626,Deoxycholic acid,[H][C@@]1(CC[C@@]2([H])[C@]3([H])CC[C@]4([H])C[C@H](O)CC[C@]4(C)[C@@]3([H])C[C@H](O)[C@]12C)[C@H](C)CCC(O)=O,1
354,HMDB0000623,Dodecanedioic acid,OC(=O)CCCCCCCCCCC(O)=O,1
355,HMDB0000619,Cholic acid,C[C@H](CCC(O)=O)[C@H]1CC[C@H]2[C@@H]3[C@H](O)C[C@@H]4C[C@H](O)CC[C@]4(C)[C@H]3C[C@H](O)[C@]12C,1
356,HMDB0000754,3-Hydroxyisovaleric acid,CC(C)(O)CC(O)=O,1
357,HMDB0000763,5-Hydroxyindoleacetic acid,OC(=O)CC1=CNC2=C1C=C(O)C=C2,1
358,HMDB0000951,Taurochenodesoxycholic acid,[H][C@@]1(CC[C@@]2([H])[C@]3([H])[C@H](O)C[C@]4([H])C[C@H](O)CC[C@]4(C)[C@@]3([H])CC[C@]12C)[C@H](C)CCC(=O)NCCS(O)(=O)=O,1
359,HMDB0000863,Isopropyl alcohol,CC(C)O,1
360,HMDB0000926,Pyridine,C1=CC=NC=C1,1
361,HMDB0000925,Trimethylamine N-oxide,C[N+](C)(C)[O-],1
362,HMDB0000910,Tridecanoic acid,CCCCCCCCCCCCC(O)=O,1
363,HMDB0000906,Trimethylamine,CN(C)C,1
364,HMDB0000898,1-Methylhistamine,CN1C=NC(CCN)=C1,1
365,HMDB0000892,Valeric acid,CCCCC(O)=O,1
366,HMDB0000888,Undecanedioic acid,OC(=O)CCCCCCCCCC(O)=O,1
367,HMDB0000879,Tetrahydrodeoxycorticosterone,[H][C@@]12CC[C@H](C(=O)CO)[C@@]1(C)CC[C@@]1([H])[C@@]2([H])CC[C@@]2([H])C[C@H](O)CC[C@]12C,1
368,HMDB0000851,Pyridinoline,N[C@@H](CCC1=C[N+](C[C@H](O)CC[C@H](N)C([O-])=O)=CC(O)=C1C[C@H](N)C(O)=O)C(O)=O,1
369,HMDB0000764,Hydrocinnamic acid,OC(=O)CCC1=CC=CC=C1,1
370,HMDB0000847,Pelargonic acid,CCCCCCCCC(O)=O,1
371,HMDB0000827,Stearic acid,CCCCCCCCCCCCCCCCCC(O)=O,1
372,HMDB0000826,Pentadecanoic acid,CCCCCCCCCCCCCCC(O)=O,1
373,HMDB0000824,Propionylcarnitine,CCC(=O)O[C@H](CC(O)=O)C[N+](C)(C)C,1
374,HMDB0000820,Propyl alcohol,CCCO,1
375,HMDB0000819,Normetanephrine,COC1=CC(=CC=C1O)C(O)CN,1
376,HMDB0000792,Sebacic acid,OC(=O)CCCCCCCCC(O)=O,1
377,HMDB0000791,Octanoylcarnitine,CCCCCCCC(=O)O[C@H](CC(O)=O)C[N+](C)(C)C,1
378,HMDB0094666,Nonyl cyclopropane,CCCCCCCCCC1CC1,1
